{"DURATION": 0.007027, "package-0": 17.258716379678383, "dram": 3.879891845737868}