{"DURATION": 0.218691, "package-0": 44.78512147276294, "dram": 6.443406450196853}