{"DURATION": 0.158397, "package-0": 35.619834971621934, "dram": 6.44457281387905}