{"repeats": 2, "start": 1618927535.1184416, "name": "grid_nodes8_states2_nsamples50000", "cl_name": "Grid8", "graph_type": "grid", "states": 2, "vertices": 64, "seed": 876, "predict_samples": 50, "config_id": "MRF_Belief_Propagation_gpu", "uses_gpu": true, "predict_iters": 50, "train_iters": 50, "train_lbp_iters": 5, "modeltype": "MRF", "inferencetype": "BP", "TRAIN_MEMORY_PRE": [1053831168, 1053925376], "TRAIN_MEMORY_ENC": [[1053831168, 1, 1055174656, 3, 1058000896, 80, 1062838272, 4, 1142788096, 1, 1153064960, 1, 1150369792, 1, 1153765376, 6], [1053925376, 1, 1055268864, 2, 1056772096, 1, 1057894400, 80, 1062731776, 4, 1140727808, 1, 1155330048, 1, 1150197760, 1, 1152577536, 1, 1153654784, 6]], "APPLY_MEMORY_PRE": [1053900800, 1053937664], "APPLY_MEMORY_ENC": [[1053900800, 1, 1057779712, 78, 1062682624, 4, 1142689792, 1, 1158164480, 1, 1150345216, 1, 1153867776, 8], [1053937664, 1, 1057636352, 78, 1062539264, 4, 1139720192, 1, 1147551744, 1, 1161203712, 1, 1150136320, 1, 1153720320, 6]], "APPLY_MEMORY_Accuracy": [0.5625, 0.5703125], "TRAIN_ENERGY_DURATION": [0.900318, 0.904927], "TRAIN_ENERGY_package-0": [34.78044202159682, 34.47980002806856], "TRAIN_ENERGY_dram": [6.020122889912231, 5.980754248685253], "APPLY_ENERGY_DURATION": [0.868453, 0.864242], "APPLY_ENERGY_package-0": [34.2635375777388, 34.14686511416941], "APPLY_ENERGY_dram": [5.965103465587659, 5.984289122722571], "APPLY_ENERGY_Accuracy": [0.5625, 0.603125], "TRAIN_RUNTIME_WCT": [0.9072616100311279, 0.9022078514099121], "APPLY_RUNTIME_WCT": [0.884570837020874, 0.8683676719665527], "APPLY_RUNTIME_Accuracy": [0.5546875, 0.5703125], "TRAIN_GPU_temperature": [[31, 31, 32], [32, 32, 32]], "TRAIN_GPU_util.gpu": [[0, 0, 6], [0, 0, 6]], "TRAIN_GPU_util.memory": [[0, 0, 0], [0, 0, 0]], "TRAIN_GPU_power.draw": [[19.601, 19.601, 27.664], [19.612, 19.612, 29.889]], "TRAIN_GPU_memory.used": [[131072, 131072, 127926272], [131072, 131072, 127926272]], "TRAIN_GPU_timestamp": [[1618934768746.8728, 1618934768751.091, 1618934768849.455], [1618934808636.48, 1618934808641.829, 1618934808739.0708]], "APPLY_GPU_temperature": [[32, 32, 32], [31, 31, 32]], "APPLY_GPU_util.gpu": [[0, 0, 6], [0, 0, 6]], "APPLY_GPU_util.memory": [[0, 0, 0], [0, 0, 0]], "APPLY_GPU_power.draw": [[19.581, 19.581, 27.28], [19.495, 19.495, 27.488]], "APPLY_GPU_memory.used": [[131072, 131072, 127926272], [131072, 131072, 127926272]], "APPLY_GPU_timestamp": [[1618934773698.619, 1618934773702.7322, 1618934773801.19], [1618934813578.459, 1618934813582.142, 1618934813681.0251]], "APPLY_GPU_Accuracy": [0.540625, 0.5421875]}