{"DURATION": 0.023607, "package-0": 42.97809971618587, "dram": 6.3301139492523415}