{"DURATION": 0.293343, "package-0": 32.493824635324515, "dram": 6.220550686397834}