{"DURATION": 0.016848, "package-0": 27.818613485280153, "dram": 4.262761158594492, "Accuracy": 0.5387755102040817}