{"WCT": 492.3035891056061, "Accuracy": 0.5637755102040817}