{"DURATION": 0.21211, "package-0": 30.492466173212012, "dram": 6.109754372731131}