{"repeats": 2, "start": 1618927614.1062071, "name": "grid_nodes9_states2_nsamples50000", "cl_name": "Grid9", "graph_type": "grid", "states": 2, "vertices": 81, "seed": 876, "predict_samples": 50, "config_id": "MRF_Belief_Propagation_gpu", "uses_gpu": true, "predict_iters": 50, "train_iters": 50, "train_lbp_iters": 5, "modeltype": "MRF", "inferencetype": "BP", "TRAIN_MEMORY_PRE": [1058942976, 1058787328], "TRAIN_MEMORY_ENC": [[1058942976, 1, 1060286464, 4, 1063256064, 79, 1068093440, 4, 1148043264, 1, 1161023488, 1, 1155624960, 9], [1058787328, 1, 1060130816, 4, 1063231488, 80, 1068068864, 4, 1148018688, 1, 1166675968, 1, 1155600384, 9]], "APPLY_MEMORY_PRE": [1058779136, 1058750464], "APPLY_MEMORY_ENC": [[1058779136, 1, 1062961152, 78, 1067798528, 4, 1147748352, 1, 1163702272, 1, 1155330048, 9], [1058750464, 1, 1062797312, 77, 1067700224, 3, 1068511232, 1, 1148641280, 1, 1163304960, 1, 1156304896, 9]], "APPLY_MEMORY_Accuracy": [0.5234567901234568, 0.5469135802469136], "TRAIN_ENERGY_DURATION": [0.93008, 0.92726], "TRAIN_ENERGY_package-0": [34.60058704627559, 35.011760455535665], "TRAIN_ENERGY_dram": [5.957932650954756, 5.973429243146475], "APPLY_ENERGY_DURATION": [0.884723, 0.872208], "APPLY_ENERGY_package-0": [34.3989881578754, 34.44632014381891], "APPLY_ENERGY_dram": [6.022790184046306, 5.946368297470328], "APPLY_ENERGY_Accuracy": [0.5728395061728395, 0.5679012345679012], "TRAIN_RUNTIME_WCT": [0.9225749969482422, 0.9238948822021484], "APPLY_RUNTIME_WCT": [0.8769452571868896, 0.8802638053894043], "APPLY_RUNTIME_Accuracy": [0.5728395061728395, 0.5506172839506173], "TRAIN_GPU_temperature": [[31, 32, 32], [31, 31, 32]], "TRAIN_GPU_util.gpu": [[0, 0, 6], [0, 0, 6]], "TRAIN_GPU_util.memory": [[0, 0, 0], [0, 0, 0]], "TRAIN_GPU_power.draw": [[19.382, 19.382, 27.899], [19.585, 19.585, 27.737]], "TRAIN_GPU_memory.used": [[131072, 131072, 127926272], [131072, 131072, 127926272]], "TRAIN_GPU_timestamp": [[1618934848132.0332, 1618934848136.2358, 1618934848234.618], [1618934887617.313, 1618934887621.0908, 1618934887719.913]], "APPLY_GPU_temperature": [[32, 32, 32], [31, 31, 32]], "APPLY_GPU_util.gpu": [[0, 0, 6], [0, 0, 6]], "APPLY_GPU_util.memory": [[0, 0, 0], [0, 0, 0]], "APPLY_GPU_power.draw": [[19.728, 19.728, 29.985], [19.67, 19.67, 27.847]], "APPLY_GPU_memory.used": [[131072, 131072, 127926272], [131072, 131072, 127926272]], "APPLY_GPU_timestamp": [[1618934853128.208, 1618934853133.538, 1618934853230.886], [1618934892389.387, 1618934892393.371, 1618934892491.992]], "APPLY_GPU_Accuracy": [0.5469135802469136, 0.5654320987654321]}