{"repeats": 2, "start": 1618890685.6057887, "name": "grid_nodes5_states2_nsamples50000", "cl_name": "Grid5", "graph_type": "grid", "states": 2, "vertices": 25, "seed": 876, "predict_samples": 50, "config_id": "MRF_Junction_Tree_cpu", "uses_gpu": false, "predict_iters": 50, "train_iters": 50, "train_lbp_iters": 5, "modeltype": "MRF", "inferencetype": "JT", "TRAIN_MEMORY_PRE": [1048842240, 1048870912], "TRAIN_MEMORY_ENC": [[1048842240, 1, 1050185728, 9], [1048870912, 1, 1050214400, 9]], "APPLY_MEMORY_PRE": [1048510464, 1048694784], "APPLY_MEMORY_ENC": [[1048510464, 1, 1049853952, 3], [1048694784, 1, 1050038272, 3]], "APPLY_MEMORY_Accuracy": [0.56, 0.56], "TRAIN_ENERGY_DURATION": [0.108796, 0.10778], "TRAIN_ENERGY_package-0": [37.84645575204971, 37.94215995546484], "TRAIN_ENERGY_dram": [6.143571454832898, 6.100686583781778], "APPLY_ENERGY_DURATION": [0.047234, 0.043676], "APPLY_ENERGY_package-0": [34.117521277046194, 35.97733308911072], "APPLY_ENERGY_dram": [5.752148875809799, 5.723669749977104], "APPLY_ENERGY_Accuracy": [0.584, 0.508], "TRAIN_RUNTIME_WCT": [0.10972404479980469, 0.10855221748352051], "APPLY_RUNTIME_WCT": [0.04417276382446289, 0.0360257625579834], "APPLY_RUNTIME_Accuracy": [0.536, 0.544]}