{"DURATION": 0.163837, "package-0": 25.81332055640667, "dram": 6.021216208792885}