{"WCT": 0.8305885791778564, "Accuracy": 0.56875}