{"DURATION": 0.290843, "package-0": 35.124352313791285, "dram": 6.352557909250007}