{"DURATION": 24.203291, "package-0": 44.639478284172185, "dram": 6.545919726371095}