{"DURATION": 0.232077, "package-0": 29.043283048298623, "dram": 6.150799088233646}