{"DURATION": 0.22915, "package-0": 24.36658957015056, "dram": 5.612690377481999}