{"DURATION": 8.227946, "package-0": 41.86777757170502, "dram": 6.439875152316265}