{"DURATION": 0.183809, "package-0": 28.035210463035, "dram": 6.119781947565135}