{"x_train_bytes": 3675000, "x_test_bytes": 1225000, "x_train_shape": [37500, 49], "x_test_shape": [12500, 49], "repeats": 5, "start": 1614956540.0969896, "predict_iters": 50, "train_iters": 50, "predict_samples": 50, "train_lbp_iters": 5, "modeltype": "MRF", "inferencetype": "BP", "graph_type": "grid", "states": 2, "vertices": 49, "config_id": "MRF_Belief_Propagation_CPU", "TRAIN_MEMORY_PRE": [119238656, 119615488, 119267328, 118923264, 119107584], "TRAIN_MEMORY_ENC": [[119238656, 1, 121913344, 1, 122617856, 7], [119615488, 1, 122281984, 1, 122896384, 7], [119267328, 1, 122609664, 8], [118923264, 1, 121589760, 1, 122257408, 6], [119107584, 1, 122372096, 8]], "APPLY_MEMORY_PRE": [119394304, 119599104, 119623680, 119787520, 118951936], "APPLY_MEMORY_ENC": [[119394304, 1, 122621952, 1], [119599104, 1, 122818560, 1], [119623680, 1, 122839040, 1], [119787520, 1, 122945536, 1], [118951936, 1, 122212352, 1]], "TRAIN_ENERGY_DURATION": [0.054331, 0.056543, 0.056558, 0.055582, 0.05612], "TRAIN_ENERGY_package-0": [30.578730374924078, 29.3500698583379, 29.349853247993213, 29.527005145550717, 29.50931931575196], "TRAIN_ENERGY_dram": [6.438663010067917, 6.051482942185593, 6.101541780119523, 6.409629016588105, 6.368104062722736], "APPLY_ENERGY_DURATION": [0.014138, 0.013095, 0.009626, 0.012397, 0.010464], "APPLY_ENERGY_package-0": [19.914768708445326, 20.340358915616648, 25.34354872221068, 22.33725901427765, 25.588685015290523], "APPLY_ENERGY_dram": [5.716155043146131, 6.045284459717449, 6.804383960108042, 4.673792046462854, 5.643922018348624], "TRAIN_RUNTIME_WCT": [0.056731462478637695, 0.05565071105957031, 0.05430150032043457, 0.055470943450927734, 0.05417299270629883], "APPLY_RUNTIME_WCT": [0.0095672607421875, 0.01198124885559082, 0.011729001998901367, 0.01047825813293457, 0.011030197143554688], "name": "grid_nodes7_states2_nsamples50000"}