{"DURATION": 0.156577, "package-0": 24.461632295931075, "dram": 5.8985994111523405}