{"DURATION": 0.00898, "package-0": 16.3326280623608, "dram": 4.535523385300668}