{"DURATION": 0.165862, "package-0": 43.568882565023934, "dram": 6.409304120292773}