{"DURATION": 0.928809, "package-0": 34.884963431663564, "dram": 6.010742789960045, "Accuracy": 0.556198347107438}