{"DURATION": 0.561384, "package-0": 35.59613918458666, "dram": 6.171086101492027}