{"DURATION": 0.378889, "package-0": 29.938784182174732, "dram": 5.937894739620312}