{"DURATION": 0.897616, "package-0": 33.989891000160426, "dram": 5.981023065542503}