{"DURATION": 0.237848, "package-0": 29.59779775318691, "dram": 6.091167468299082}