{"DURATION": 23.063137, "package-0": 40.70672632261604, "dram": 6.42012324689395}