{"DURATION": 0.215984, "package-0": 27.435851729757758, "dram": 6.101678828061338}