{"DURATION": 33.754318, "package-0": 40.65216011770702, "dram": 6.50122985746594}