{"DURATION": 0.003092, "package-0": 11.626778783958603, "dram": 4.621927554980595}