{"DURATION": 4.248232, "package-0": 40.45689783420491, "dram": 6.3190913302286695, "Accuracy": 0.558}