{"DURATION": 0.015849, "package-0": 18.33478452899237, "dram": 5.52956022461985}