{"DURATION": 0.009626, "package-0": 25.34354872221068, "dram": 6.804383960108042}