{"DURATION": 0.072443, "package-0": 30.17417831950637, "dram": 6.301795894703423}