{"WCT": 55.54528570175171, "Accuracy": 0.560204081632653}