{"DURATION": 0.182963, "package-0": 25.624874974721667, "dram": 6.031760519886534}