{"DURATION": 24.202462, "package-0": 44.179917150577495, "dram": 6.554862187160959}