{"WCT": 0.033986806869506836, "Accuracy": 0.5804444444444444}