{"DURATION": 10.04915, "package-0": 40.5889264266132, "dram": 6.422604797420678}