{"DURATION": 0.005978, "package-0": 17.979759116761457, "dram": 4.637671462027434}