{"DURATION": 0.234992, "package-0": 27.024098692721452, "dram": 5.8442798052699665}