{"DURATION": 33.793797, "package-0": 40.50444121446312, "dram": 6.491633775275386}