{"DURATION": 0.944751, "package-0": 38.68371242793074, "dram": 6.245988625574357}