{"DURATION": 27.734818, "package-0": 41.88953614189933, "dram": 6.4399796674346295}