{"WCT": 2.138278007507324, "Accuracy": 0.584375}