{"DURATION": 14.336236, "package-0": 40.424999979074, "dram": 6.475378265257352}