{"repeats": 2, "start": 1618890546.8357692, "name": "grid_nodes2_states2_nsamples50000", "cl_name": "Grid2", "graph_type": "grid", "states": 2, "vertices": 4, "seed": 876, "predict_samples": 50, "config_id": "MRF_Junction_Tree_cpu", "uses_gpu": false, "predict_iters": 50, "train_iters": 50, "train_lbp_iters": 5, "modeltype": "MRF", "inferencetype": "JT", "TRAIN_MEMORY_PRE": [1048743936, 1048772608], "TRAIN_MEMORY_ENC": [[1048743936, 1, 1051877376, 1], [1048772608, 1]], "APPLY_MEMORY_PRE": [1048670208, 1048899584], "APPLY_MEMORY_ENC": [[1048670208, 1], [1048899584, 1]], "APPLY_MEMORY_Accuracy": [0.525, 0.65], "TRAIN_ENERGY_DURATION": [0.008229, 0.008924], "TRAIN_ENERGY_package-0": [27.198323004010206, 28.05524428507396], "TRAIN_ENERGY_dram": [4.488273180216308, 4.665060510981623], "APPLY_ENERGY_DURATION": [0.003524, 0.003384], "APPLY_ENERGY_package-0": [24.0400113507378, 32.98847517730496], "APPLY_ENERGY_dram": [4.17650397275823, 4.240839243498818], "APPLY_ENERGY_Accuracy": [0.525, 0.4], "TRAIN_RUNTIME_WCT": [0.003454446792602539, 0.007016658782958984], "APPLY_RUNTIME_WCT": [0.0011360645294189453, 0.002060413360595703], "APPLY_RUNTIME_Accuracy": [0.625, 0.55]}