{"DURATION": 0.815375, "package-0": 33.85255741223364, "dram": 5.88872849915683, "Accuracy": 0.5333333333333333}