{"DURATION": 0.934645, "package-0": 34.785336678632, "dram": 5.975470900716315, "Accuracy": 0.5669421487603306}