{"DURATION": 27.684542, "package-0": 41.815795652317455, "dram": 6.427013240818649}