{"DURATION": 0.208923, "package-0": 37.453951934444746, "dram": 6.453999798968998}