{"DURATION": 0.033228, "package-0": 31.527777777777775, "dram": 6.41459010473095}