{"DURATION": 12.902278, "package-0": 42.900587555158864, "dram": 6.603891266332968}