{"DURATION": 25.039847, "package-0": 41.49481787967794, "dram": 6.418542573363167, "Accuracy": 0.5461538461538461}