{"DURATION": 0.200687, "package-0": 26.979704714306354, "dram": 5.916232740536258}