{"DURATION": 2.230027, "package-0": 41.489338918318026, "dram": 6.369902696245381}