{"WCT": 27.667442560195923, "Accuracy": 0.5752066115702479}