{"DURATION": 0.191885, "package-0": 27.244286942700054, "dram": 5.916679261015712}