{"x_train_bytes": 12675000, "x_test_bytes": 4225000, "x_train_shape": [37500, 169], "x_test_shape": [12500, 169], "repeats": 5, "start": 1614955997.7347345, "predict_iters": 50, "train_iters": 50, "predict_samples": 50, "train_lbp_iters": 5, "modeltype": "MRF", "inferencetype": "BP", "graph_type": "grid", "states": 2, "vertices": 169, "config_id": "MRF_Belief_Propagation_CPU", "TRAIN_MEMORY_PRE": [143540224, 143507456, 143663104, 143552512, 143273984], "TRAIN_MEMORY_ENC": [[143540224, 1, 145616896, 1, 146280448, 4, 146341888, 33], [143507456, 1, 146255872, 37], [143663104, 1, 145739776, 1, 146227200, 3, 146358272, 33], [143552512, 1, 146124800, 3, 146255872, 33], [143273984, 1, 146001920, 36]], "APPLY_MEMORY_PRE": [143110144, 143200256, 143675392, 143327232, 143663104], "APPLY_MEMORY_ENC": [[143110144, 1, 145944576, 2], [143200256, 1, 146042880, 2], [143675392, 1, 146116608, 1, 146399232, 1], [143327232, 1, 146026496, 2], [143663104, 1, 146513920, 2]], "TRAIN_ENERGY_DURATION": [0.183275, 0.182923, 0.182307, 0.183321, 0.182621], "TRAIN_ENERGY_package-0": [36.529750375119356, 36.78456509022922, 36.731079991443, 36.546554950060276, 36.735101658626334], "TRAIN_ENERGY_dram": [6.4301295866866734, 6.480059915920906, 6.397554674258258, 6.39438471315343, 6.407165660028145], "APPLY_ENERGY_DURATION": [0.027885, 0.03844, 0.028466, 0.028649, 0.028985], "APPLY_ENERGY_package-0": [31.67211762596378, 23.855098855359, 31.57886601559755, 32.589374847289605, 31.360841814731756], "APPLY_ENERGY_dram": [6.272010041240811, 5.381269510926119, 6.358427597836014, 6.313553701699885, 6.459444540279455], "TRAIN_RUNTIME_WCT": [0.18256568908691406, 0.18325257301330566, 0.18299460411071777, 0.1835479736328125, 0.1830911636352539], "APPLY_RUNTIME_WCT": [0.02952098846435547, 0.027291059494018555, 0.02736520767211914, 0.026665210723876953, 0.028015851974487305], "name": "grid_nodes13_states2_nsamples50000"}