{"DURATION": 0.103291, "package-0": 30.023206281282977, "dram": 6.4025616946297355}