{"DURATION": 0.566432, "package-0": 36.29330087283204, "dram": 6.320292638833964}