{"DURATION": 6.319066, "package-0": 40.19962269740496, "dram": 6.498819604036419}