{"DURATION": 1244.971095, "package-0": 41.9636159793734, "dram": 6.43554898276574, "Accuracy": 0.5684444444444444}