{"DURATION": 0.025226, "package-0": 45.16046935701261, "dram": 6.420003171331167, "Accuracy": 0.5668639053254438}