{"DURATION": 437.070992, "package-0": 41.64510832601766, "dram": 6.444593808687263}