{"DURATION": 2837.202101, "package-0": 41.69047616463752, "dram": 6.455937047468019}