{"DURATION": 73.636374, "package-0": 41.700516350791524, "dram": 6.380551926687754, "Accuracy": 0.5631944444444444}