{"DURATION": 0.014164, "package-0": 20.856325896639365, "dram": 4.948460886755154}