{"DURATION": 8.229169, "package-0": 41.441283560952506, "dram": 6.436646033153529}