{"WCT": 0.0028650760650634766, "Accuracy": 0.5555555555555556}