{"DURATION": 2.838564, "package-0": 41.17566699218337, "dram": 6.469088947791912}