{"DURATION": 23.042257, "package-0": 41.77725250612386, "dram": 6.4296918917274475}