{"DURATION": 1.461221, "package-0": 40.64211779053271, "dram": 6.3171799474549015}