{"DURATION": 0.17609, "package-0": 24.043125674371062, "dram": 5.686688625134874}