{"DURATION": 0.004709, "package-0": 14.205776173285198, "dram": 3.944361860267573}