{"WCT": 0.884570837020874, "Accuracy": 0.5546875}