{"DURATION": 0.349247, "package-0": 33.62520222077785, "dram": 6.116722548797843}