{"DURATION": 27.70141, "package-0": 41.90624737152369, "dram": 6.431756145264808}