{"repeats": 2, "start": 1618850115.2214456, "name": "grid_nodes11_states2_nsamples50000", "cl_name": "Grid11", "graph_type": "grid", "states": 2, "vertices": 121, "seed": 876, "predict_samples": 50, "config_id": "MRF_Junction_Tree_cpu", "uses_gpu": false, "predict_iters": 50, "train_iters": 50, "train_lbp_iters": 5, "modeltype": "MRF", "inferencetype": "JT", "TRAIN_MEMORY_PRE": [1070268416, 1070247936], "TRAIN_MEMORY_ENC": [[1070268416, 1, 1071611904, 7, 1077927936, 6498, 1078194176, 309, 1078202368, 382], [1070247936, 1, 1071591424, 6505, 1071857664, 309, 1071865856, 421]], "APPLY_MEMORY_PRE": [1070358528, 1070231552], "APPLY_MEMORY_ENC": [[1070358528, 1, 1071702016, 3178], [1070231552, 1, 1071575040, 3197]], "APPLY_MEMORY_Accuracy": [0.5586776859504132, 0.5826446280991735], "TRAIN_ENERGY_DURATION": [63.301497, 63.24594], "TRAIN_ENERGY_package-0": [42.06858607151108, 41.8643193065041], "TRAIN_ENERGY_dram": [6.398288147909045, 6.401943523963752], "APPLY_ENERGY_DURATION": [27.727653, 27.724832], "APPLY_ENERGY_package-0": [42.00951097447736, 41.9954649319426], "APPLY_ENERGY_dram": [6.3911214194724675, 6.39706783435153], "APPLY_ENERGY_Accuracy": [0.5578512396694215, 0.552892561983471], "TRAIN_RUNTIME_WCT": [63.259533405303955, 63.27433490753174], "APPLY_RUNTIME_WCT": [27.682029485702515, 27.667442560195923], "APPLY_RUNTIME_Accuracy": [0.5702479338842975, 0.5752066115702479]}