{"DURATION": 0.232356, "package-0": 38.989417101344486, "dram": 6.457177778925442}