{"x_train_bytes": 7500000, "x_test_bytes": 2500000, "x_train_shape": [37500, 100], "x_test_shape": [12500, 100], "repeats": 5, "start": 1614956593.960873, "predict_iters": 50, "train_iters": 50, "predict_samples": 50, "train_lbp_iters": 5, "modeltype": "MRF", "inferencetype": "BP", "graph_type": "grid", "states": 2, "vertices": 100, "config_id": "MRF_Belief_Propagation_CPU", "TRAIN_MEMORY_PRE": [129712128, 129523712, 129388544, 129630208, 129474560], "TRAIN_MEMORY_ENC": [[129712128, 1, 131788800, 1, 132288512, 19], [129523712, 1, 131608576, 2, 132255744, 19], [129388544, 1, 132075520, 19, 132673536, 1], [129630208, 1, 132308992, 11, 132841472, 9], [129474560, 1, 132304896, 20]], "APPLY_MEMORY_PRE": [129699840, 130093056, 129671168, 130072576, 129929216], "APPLY_MEMORY_ENC": [[129699840, 1, 132292608, 1], [130093056, 1, 133009408, 1], [129671168, 1, 132354048, 1], [130072576, 1, 132710400, 1], [129929216, 1, 132521984, 1]], "TRAIN_ENERGY_DURATION": [0.110257, 0.110266, 0.111808, 0.109491, 0.110744], "TRAIN_ENERGY_package-0": [32.099331561714905, 32.08287232691854, 32.725082283915285, 32.69961001360842, 31.95927544607383], "TRAIN_ENERGY_dram": [6.431981642888887, 6.480710282407995, 6.436355180309102, 6.463700212802879, 6.441134508415806], "APPLY_ENERGY_DURATION": [0.019899, 0.018557, 0.019391, 0.01908, 0.018809], "APPLY_ENERGY_package-0": [25.18815015829941, 28.338470657972735, 26.209994327265225, 28.19507337526206, 27.66026902014993], "APPLY_ENERGY_dram": [5.8335092215689235, 6.299886835156545, 5.779640039193441, 6.025366876310272, 6.139029188154607], "TRAIN_RUNTIME_WCT": [0.10999226570129395, 0.10929226875305176, 0.10997366905212402, 0.10770869255065918, 0.11024689674377441], "APPLY_RUNTIME_WCT": [0.0186769962310791, 0.018598079681396484, 0.018398046493530273, 0.019536495208740234, 0.018498897552490234], "name": "grid_nodes10_states2_nsamples50000"}