{"DURATION": 0.18168, "package-0": 25.15476111845002, "dram": 5.949889916336415}