{"DURATION": 1.053196, "package-0": 35.668984690409, "dram": 6.01698164444225}