{"DURATION": 191.592278, "package-0": 41.954107670247545, "dram": 6.472167312505152}