{"DURATION": 0.172945, "package-0": 26.13340079215936, "dram": 6.015606117551823}