{"DURATION": 0.040135, "package-0": 27.289722187616793, "dram": 5.879431917279183}