{"DURATION": 1.224817, "package-0": 41.820752814502086, "dram": 6.3972046436324765, "Accuracy": 0.5515625}