{"DURATION": 0.954202, "package-0": 39.2261952919822, "dram": 6.425393155746896}