{"WCT": 0.12428689002990723, "Accuracy": 0.5472222222222223}