{"DURATION": 0.021733, "package-0": 29.1034831822574, "dram": 6.323333179956748}