{"DURATION": 1249.544265, "package-0": 40.98346224733383, "dram": 6.460993206191059}