{"DURATION": 0.072143, "package-0": 30.133831418155605, "dram": 6.315484523793023}