{"DURATION": 0.013095, "package-0": 20.340358915616648, "dram": 6.045284459717449}