{"DURATION": 1.974993, "package-0": 38.786350128835906, "dram": 6.122120939162823}