{"DURATION": 28.553973, "package-0": 43.619945672709015, "dram": 6.642346373305039}