{"WCT": 0.819411039352417, "Accuracy": 0.5555555555555556}