{"DURATION": 6.312847, "package-0": 40.73772625884962, "dram": 6.452682284237208}