{"DURATION": 0.23958, "package-0": 29.65208698555806, "dram": 6.236614074630603}