{"DURATION": 0.190323, "package-0": 44.00595303773059, "dram": 6.4149314586256}