{"DURATION": 0.366279, "package-0": 34.394688202162826, "dram": 6.253809254693826}