{"DURATION": 0.019049, "package-0": 17.27969972177017, "dram": 4.44726757310095}