{"repeats": 2, "start": 1618849213.9596393, "name": "grid_nodes10_states2_nsamples50000", "cl_name": "Grid10", "graph_type": "grid", "states": 2, "vertices": 100, "seed": 876, "predict_samples": 50, "config_id": "MRF_Belief_Propagation_cpu", "uses_gpu": false, "predict_iters": 50, "train_iters": 50, "train_lbp_iters": 5, "modeltype": "MRF", "inferencetype": "BP", "TRAIN_MEMORY_PRE": [1066020864, 1066266624], "TRAIN_MEMORY_ENC": [[1066020864, 1, 1067364352, 9], [1066266624, 1, 1067610112, 9]], "APPLY_MEMORY_PRE": [1066143744, 1066168320], "APPLY_MEMORY_ENC": [[1066143744, 1, 1067487232, 1], [1066168320, 1, 1067511808, 1]], "APPLY_MEMORY_Accuracy": [0.55, 0.565], "TRAIN_ENERGY_DURATION": [0.100131, 0.095223], "TRAIN_ENERGY_package-0": [41.80913003964807, 43.77818384213898], "TRAIN_ENERGY_dram": [6.175709820135623, 6.4393896432584565], "APPLY_ENERGY_DURATION": [0.019431, 0.0202], "APPLY_ENERGY_package-0": [34.307292470794096, 32.5479702970297], "APPLY_ENERGY_dram": [5.118882198548711, 5.441336633663367], "APPLY_ENERGY_Accuracy": [0.545, 0.577], "TRAIN_RUNTIME_WCT": [0.09823060035705566, 0.09839940071105957], "APPLY_RUNTIME_WCT": [0.01481938362121582, 0.019285202026367188], "APPLY_RUNTIME_Accuracy": [0.567, 0.589]}