{"DURATION": 0.297018, "package-0": 33.10465359001811, "dram": 6.217606340356476}