{"WCT": 0.8769452571868896, "Accuracy": 0.5728395061728395}