{"DURATION": 0.197916, "package-0": 23.037541179086073, "dram": 5.662710442814123}