{"DURATION": 0.219771, "package-0": 43.99210086863145, "dram": 6.40574962119661}