{"DURATION": 0.187018, "package-0": 25.834251248542923, "dram": 5.884529831353133}