{"DURATION": 168.213599, "package-0": 42.00323082677757, "dram": 6.459480229062813}