{"DURATION": 0.010464, "package-0": 25.588685015290523, "dram": 5.643922018348624}