{"DURATION": 0.314966, "package-0": 36.43155769194135, "dram": 6.395703028263367}