{"DURATION": 0.157205, "package-0": 35.60650106548774, "dram": 6.433771190483762}