{"DURATION": 0.446803, "package-0": 35.876263140578736, "dram": 6.287272019212046}