{"DURATION": 0.128372, "package-0": 31.640053905836158, "dram": 6.409995949272426}