{"DURATION": 0.872208, "package-0": 34.44632014381891, "dram": 5.946368297470328, "Accuracy": 0.5679012345679012}