{"DURATION": 0.954868, "package-0": 40.132576439884886, "dram": 6.422160968845955}