{"DURATION": 28.570043, "package-0": 43.14562998732623, "dram": 6.637955252639977}