{"DURATION": 0.858502, "package-0": 34.094419116088254, "dram": 5.9459919720629655, "Accuracy": 0.5571428571428572}