{"DURATION": 0.319544, "package-0": 31.12222729890094, "dram": 6.110776606664497}