{"DURATION": 1.232419, "package-0": 40.414214646155244, "dram": 6.4282228690080245}