{"DURATION": 437.402368, "package-0": 42.35009715128017, "dram": 6.419112358349189}