{"DURATION": 1.22116, "package-0": 40.75034393527466, "dram": 6.4701750794326705}