{"DURATION": 3.558777, "package-0": 42.51686014605579, "dram": 6.4540340684454245}