{"repeats": 2, "start": 1618849679.2702534, "name": "grid_nodes6_states2_nsamples50000", "cl_name": "Grid6", "graph_type": "grid", "states": 2, "vertices": 36, "seed": 876, "predict_samples": 50, "config_id": "MRF_Belief_Propagation_cpu", "uses_gpu": false, "predict_iters": 50, "train_iters": 50, "train_lbp_iters": 5, "modeltype": "MRF", "inferencetype": "BP", "TRAIN_MEMORY_PRE": [1048911872, 1048551424], "TRAIN_MEMORY_ENC": [[1048911872, 1, 1050255360, 3], [1048551424, 1, 1049894912, 3]], "APPLY_MEMORY_PRE": [1048838144, 1048899584], "APPLY_MEMORY_ENC": [[1048838144, 1], [1048899584, 1]], "APPLY_MEMORY_Accuracy": [0.5861111111111111, 0.6], "TRAIN_ENERGY_DURATION": [0.036227, 0.043884], "TRAIN_ENERGY_package-0": [41.8974521765534, 37.016817063166535], "TRAIN_ENERGY_dram": [6.395864962596957, 5.68432686172637], "APPLY_ENERGY_DURATION": [0.012573, 0.011599], "APPLY_ENERGY_package-0": [30.383997454863596, 28.125959134408138], "APPLY_ENERGY_dram": [4.318778334526366, 4.281748426588499], "APPLY_ENERGY_Accuracy": [0.6111111111111112, 0.5833333333333334], "TRAIN_RUNTIME_WCT": [0.04201650619506836, 0.040322303771972656], "APPLY_RUNTIME_WCT": [0.005485057830810547, 0.00980830192565918], "APPLY_RUNTIME_Accuracy": [0.5583333333333333, 0.5861111111111111]}