{"DURATION": 0.975005, "package-0": 35.33664237619294, "dram": 6.089039543386956}