{"DURATION": 0.223588, "package-0": 27.259486197828146, "dram": 5.981005241783995}