{"DURATION": 0.039535, "package-0": 22.365372454786897, "dram": 5.484937397242949}