{"DURATION": 0.110744, "package-0": 31.95927544607383, "dram": 6.441134508415806}