{"WCT": 129.58821821212769, "Accuracy": 0.5506666666666666}