{"DURATION": 0.013676, "package-0": 20.547309154723603, "dram": 4.882275519157648}