{"DURATION": 492.025046, "package-0": 41.4205318706479, "dram": 6.410462667788664, "Accuracy": 0.5642857142857143}