{"DURATION": 0.233088, "package-0": 30.559398167215814, "dram": 6.138364051345415}