{"repeats": 2, "start": 1618849448.0641751, "name": "grid_nodes15_states2_nsamples50000", "cl_name": "Grid15", "graph_type": "grid", "states": 2, "vertices": 225, "seed": 876, "predict_samples": 50, "config_id": "MRF_Belief_Propagation_cpu", "uses_gpu": false, "predict_iters": 50, "train_iters": 50, "train_lbp_iters": 5, "modeltype": "MRF", "inferencetype": "BP", "TRAIN_MEMORY_PRE": [1088053248, 1088212992], "TRAIN_MEMORY_ENC": [[1088053248, 1, 1089736704, 22], [1088212992, 1, 1089957888, 22]], "APPLY_MEMORY_PRE": [1088598016, 1088647168], "APPLY_MEMORY_ENC": [[1088598016, 1, 1089941504, 2], [1088647168, 1, 1089990656, 1]], "APPLY_MEMORY_Accuracy": [0.5831111111111111, 0.5742222222222222], "TRAIN_ENERGY_DURATION": [0.219771, 0.218691], "TRAIN_ENERGY_package-0": [43.99210086863145, 44.78512147276294], "TRAIN_ENERGY_dram": [6.40574962119661, 6.443406450196853], "APPLY_ENERGY_DURATION": [0.035443, 0.034167], "APPLY_ENERGY_package-0": [42.779448692266456, 45.34708929668979], "APPLY_ENERGY_dram": [6.324521061986852, 6.358767231539204], "APPLY_ENERGY_Accuracy": [0.5866666666666667, 0.5804444444444444], "TRAIN_RUNTIME_WCT": [0.21956372261047363, 0.22058486938476562], "APPLY_RUNTIME_WCT": [0.0335850715637207, 0.033986806869506836], "APPLY_RUNTIME_Accuracy": [0.5795555555555556, 0.5804444444444444]}