{"DURATION": 0.854597, "package-0": 33.84933249239115, "dram": 6.008538527516478, "Accuracy": 0.5204081632653061}