{"DURATION": 8.225041, "package-0": 41.89303530523435, "dram": 6.43302908763616}