{"DURATION": 0.872613, "package-0": 34.4703425229741, "dram": 5.975537838652415}