{"DURATION": 63.301497, "package-0": 42.06858607151108, "dram": 6.398288147909045}