{"DURATION": 0.391715, "package-0": 36.23613851907637, "dram": 6.345253564453748}