{"x_train_bytes": 14700000, "x_test_bytes": 4900000, "x_train_shape": [37500, 196], "x_test_shape": [12500, 196], "repeats": 5, "start": 1614956375.0841467, "predict_iters": 50, "train_iters": 50, "predict_samples": 50, "train_lbp_iters": 5, "modeltype": "MRF", "inferencetype": "BP", "graph_type": "grid", "states": 2, "vertices": 196, "config_id": "MRF_Belief_Propagation_CPU", "TRAIN_MEMORY_PRE": [149090304, 148881408, 149123072, 148959232, 148598784], "TRAIN_MEMORY_ENC": [[149090304, 1, 151437312, 4, 151904256, 2, 152068096, 39], [148881408, 1, 150953984, 1, 151621632, 43], [149123072, 1, 151199744, 1, 151678976, 4, 151875584, 21, 152195072, 18], [148959232, 1, 151109632, 3, 151629824, 3, 151752704, 38], [148598784, 1, 150675456, 1, 151162880, 4, 151420928, 22, 151666688, 17]], "APPLY_MEMORY_PRE": [148701184, 148910080, 148889600, 149200896, 149360640], "APPLY_MEMORY_ENC": [[148701184, 1, 151498752, 2], [148910080, 1, 151523328, 2], [148889600, 1, 151683072, 2], [149200896, 1, 151937024, 2], [149360640, 1, 152027136, 2]], "TRAIN_ENERGY_DURATION": [0.2077, 0.210337, 0.207498, 0.206299, 0.208923], "TRAIN_ENERGY_package-0": [37.513163216177176, 38.0947527063712, 37.403493045716104, 37.71377466686702, 37.453951934444746], "TRAIN_ENERGY_dram": [6.4561290322580644, 6.429306303693597, 6.450616391483291, 6.464893189012065, 6.453999798968998], "APPLY_ENERGY_DURATION": [0.033228, 0.033253, 0.033081, 0.032919, 0.032562], "APPLY_ENERGY_package-0": [31.527777777777775, 32.542928457582775, 32.83945467186603, 32.826786961936875, 34.27010011670045], "APPLY_ENERGY_dram": [6.41459010473095, 6.431870808648845, 6.231280795622864, 6.501746711625506, 6.54953626927093], "TRAIN_RUNTIME_WCT": [0.2073681354522705, 0.20755767822265625, 0.20734095573425293, 0.2061004638671875, 0.20562195777893066], "APPLY_RUNTIME_WCT": [0.03250312805175781, 0.03338956832885742, 0.03209567070007324, 0.03220725059509277, 0.0317685604095459], "name": "grid_nodes14_states2_nsamples50000"}