{"DURATION": 0.965085, "package-0": 38.73015848344965, "dram": 6.359118626856701}