{"DURATION": 2.230357, "package-0": 41.808741380864134, "dram": 6.393429841052352}