{"repeats": 2, "start": 1618856082.7369075, "name": "grid_nodes14_states2_nsamples50000", "cl_name": "Grid14", "graph_type": "grid", "states": 2, "vertices": 196, "seed": 876, "predict_samples": 50, "config_id": "MRF_Junction_Tree_cpu", "uses_gpu": false, "predict_iters": 50, "train_iters": 50, "train_lbp_iters": 5, "modeltype": "MRF", "inferencetype": "JT", "TRAIN_MEMORY_PRE": [1083080704, 1082920960], "TRAIN_MEMORY_ENC": [[1083080704, 1, 1084424192, 15, 1101807616, 1, 1134788608, 1, 1152901120, 6614, 1153171456, 183, 1153179648, 6495, 1153445888, 1386, 1153503232, 6552, 1153769472, 1512, 1153843200, 6552, 1154109440, 1512, 1154158592, 6174, 1154424832, 1890, 1154486272, 6267, 1154752512, 1797, 1154834432, 6552, 1155100672, 1512, 1155149824, 6426, 1155416064, 1638, 1155469312, 6300, 1155735552, 1764, 1155792896, 5922, 1156059136, 2142, 1156128768, 5670, 1156395008, 2394, 1156472832, 5418, 1156739072, 2646, 1156825088, 7716, 1157091328, 348, 1157189632, 8064, 1157451776, 4536, 1157718016, 3528, 1157832704, 681], [1082920960, 1, 1084264448, 15, 1101107200, 1, 1134358528, 1, 1152741376, 6488, 1153011712, 126, 1153015808, 183, 1153024000, 6495, 1153290240, 1386, 1153347584, 6552, 1153613824, 1512, 1153687552, 6552, 1153953792, 1512, 1154002944, 6174, 1154269184, 1890, 1154330624, 6267, 1154596864, 1797, 1154678784, 6552, 1154945024, 1512, 1154994176, 6426, 1155260416, 1638, 1155313664, 6300, 1155579904, 1764, 1155637248, 5922, 1155903488, 2142, 1155973120, 5670, 1156239360, 2394, 1156317184, 5418, 1156583424, 2646, 1156669440, 7716, 1156935680, 348, 1157033984, 8064, 1157296128, 4536, 1157562368, 3213]], "APPLY_MEMORY_PRE": [1083084800, 1083236352], "APPLY_MEMORY_ENC": [[1083084800, 1, 1084428288, 2, 1098702848, 1, 1131954176, 1, 1152770048, 5417, 1153032192, 630, 1153040384, 6174, 1153306624, 1260, 1153359872, 383, 1153372160, 6169, 1153638400, 1512, 1153687552, 6620, 1153953792, 1444, 1154027520, 6174, 1154293760, 1890, 1154355200, 6930, 1154621440, 1134, 1154703360, 6552, 1154969600, 350], [1083236352, 1, 1084579840, 2, 1098104832, 1, 1131085824, 1, 1152983040, 5417, 1153249280, 630, 1153257472, 6174, 1153523712, 1260, 1153576960, 383, 1153589248, 6169, 1153855488, 1512, 1153904640, 6620, 1154170880, 1444, 1154244608, 6174, 1154510848, 1890, 1154572288, 6930, 1154838528, 1134, 1154920448, 6552, 1155186688, 467]], "APPLY_MEMORY_Accuracy": [0.5678571428571428, 0.5836734693877551], "TRAIN_ENERGY_DURATION": [1119.680243, 1119.431522], "TRAIN_ENERGY_package-0": [41.80892793247224, 41.6833649972919], "TRAIN_ENERGY_dram": [6.427928991330786, 6.418181540183571], "APPLY_ENERGY_DURATION": [491.694603, 492.025046], "APPLY_ENERGY_package-0": [42.0189091479615, 41.4205318706479], "APPLY_ENERGY_dram": [6.441920848173313, 6.410462667788664], "APPLY_ENERGY_Accuracy": [0.563265306122449, 0.5642857142857143], "TRAIN_RUNTIME_WCT": [1120.337328195572, 1119.8936326503754], "APPLY_RUNTIME_WCT": [492.3035891056061, 491.7218325138092], "APPLY_RUNTIME_Accuracy": [0.5637755102040817, 0.5581632653061225]}