{"DURATION": 0.181544, "package-0": 28.205118318424184, "dram": 6.040480544661349}