{"DURATION": 0.028985, "package-0": 31.360841814731756, "dram": 6.459444540279455}