{"DURATION": 0.28149, "package-0": 26.357433656613022, "dram": 5.760506589932147}