{"DURATION": 0.0202, "package-0": 32.5479702970297, "dram": 5.441336633663367, "Accuracy": 0.577}