{"DURATION": 1120.407735, "package-0": 40.7840232127637, "dram": 6.452754731294317}