{"DURATION": 0.04213, "package-0": 28.99632091146451, "dram": 6.317208639924044}