{"DURATION": 0.00597, "package-0": 16.67470686767169, "dram": 4.695142378559464}