{"DURATION": 73.770119, "package-0": 41.8914672484126, "dram": 6.45855409288414}