{"DURATION": 0.01006, "package-0": 19.81510934393638, "dram": 5.13141153081511}