{"DURATION": 0.742094, "package-0": 38.01110640970012, "dram": 6.241403380164776}