{"DURATION": 0.210337, "package-0": 38.0947527063712, "dram": 6.429306303693597}