{"DURATION": 0.954111, "package-0": 39.335488218876, "dram": 6.425477748396151}