{"DURATION": 0.225638, "package-0": 28.535818434838102, "dram": 6.0108846914083625}