{"DURATION": 0.156631, "package-0": 24.210820335693445, "dram": 5.980272104500386}