{"DURATION": 0.016391, "package-0": 29.13788054420109, "dram": 5.637972057836618, "Accuracy": 0.575}