{"DURATION": 0.939321, "package-0": 34.464672886052796, "dram": 5.9368959067241125, "Accuracy": 0.5777777777777777}