{"DURATION": 28.565475, "package-0": 43.22487292789636, "dram": 6.648236236225723}