{"DURATION": 3.568815, "package-0": 42.41654722926238, "dram": 6.452120101490271}