{"x_train_bytes": 6075000, "x_test_bytes": 2025000, "x_train_shape": [37500, 81], "x_test_shape": [12500, 81], "repeats": 5, "start": 1614956486.4351823, "predict_iters": 50, "train_iters": 50, "predict_samples": 50, "train_lbp_iters": 5, "modeltype": "MRF", "inferencetype": "BP", "graph_type": "grid", "states": 2, "vertices": 81, "config_id": "MRF_Belief_Propagation_CPU", "TRAIN_MEMORY_PRE": [125681664, 126283776, 126328832, 125685760, 126251008], "TRAIN_MEMORY_ENC": [[125681664, 1, 127782912, 1, 128401408, 14], [126283776, 1, 128368640, 1, 128929792, 14], [126328832, 1, 128405504, 1, 128958464, 14], [125685760, 1, 127795200, 1, 128413696, 14], [126251008, 1, 128327680, 1, 128888832, 14]], "APPLY_MEMORY_PRE": [126435328, 125698048, 126091264, 126410752, 126193664], "APPLY_MEMORY_ENC": [[126435328, 1, 128950272, 1], [125698048, 1, 128380928, 1], [126091264, 1, 128872448, 1], [126410752, 1, 128929792, 1], [126193664, 1, 128790528, 1]], "TRAIN_ENERGY_DURATION": [0.090911, 0.089723, 0.090033, 0.09388, 0.088282], "TRAIN_ENERGY_package-0": [31.2469448141589, 31.368835192759942, 31.518443237479588, 29.40186408180656, 32.254208105842636], "TRAIN_ENERGY_dram": [6.385838897383155, 6.5022903826220695, 6.443181944398165, 6.054154239454622, 6.436147799098344], "APPLY_ENERGY_DURATION": [0.016416, 0.018151, 0.017523, 0.017197, 0.015238], "APPLY_ENERGY_package-0": [25.557687621832358, 23.27607294363947, 24.632711293728242, 24.180496598243877, 27.833902086888042], "APPLY_ENERGY_dram": [6.3227948343079925, 5.367748333425156, 6.133824116874964, 6.018724196080711, 6.35778973618585], "TRAIN_RUNTIME_WCT": [0.08987188339233398, 0.09032106399536133, 0.09053254127502441, 0.09007668495178223, 0.0899968147277832], "APPLY_RUNTIME_WCT": [0.014378547668457031, 0.014580249786376953, 0.01708507537841797, 0.015247106552124023, 0.0171053409576416], "name": "grid_nodes9_states2_nsamples50000"}