{"x_train_bytes": 300000, "x_test_bytes": 100000, "x_train_shape": [37500, 4], "x_test_shape": [12500, 4], "repeats": 5, "start": 1614966330.4876678, "predict_iters": 50, "train_iters": 50, "predict_samples": 50, "train_lbp_iters": 5, "modeltype": "MRF", "inferencetype": "JT", "graph_type": "grid", "states": 2, "vertices": 4, "config_id": "MRF_Junction_Tree_CPU", "TRAIN_MEMORY_PRE": [110596096, 110366720, 110489600, 110485504, 110260224], "TRAIN_MEMORY_ENC": [[110596096, 1, 113487872, 1], [110366720, 1, 113262592, 1], [110489600, 1], [110485504, 1, 113377280, 1], [110260224, 1, 113152000, 1]], "APPLY_MEMORY_PRE": [110063616, 110206976, 110309376, 110419968, 110751744], "APPLY_MEMORY_ENC": [[110063616, 1], [110206976, 1], [110309376, 1], [110419968, 1], [110751744, 1]], "TRAIN_ENERGY_DURATION": [0.009186, 0.009396, 0.008296, 0.010261, 0.008285], "TRAIN_ENERGY_package-0": [16.07271935554104, 16.064282673478075, 16.66393442622951, 15.66182633271611, 16.597706698853347], "TRAIN_ENERGY_dram": [4.408883082952319, 4.3428054491272885, 4.378254580520733, 4.458337394016178, 4.44321062160531], "APPLY_ENERGY_DURATION": [0.003289, 0.003092, 0.004495, 0.003604, 0.003922], "APPLY_ENERGY_package-0": [15.755244755244755, 11.626778783958603, 14.895661846496107, 14.039400665926747, 12.729729729729728], "APPLY_ENERGY_dram": [5.842809364548495, 4.621927554980595, 5.25539488320356, 3.9564372918978914, 3.6435492095869453], "TRAIN_RUNTIME_WCT": [0.009446144104003906, 0.008836984634399414, 0.0070989131927490234, 0.008655071258544922, 0.008748054504394531], "APPLY_RUNTIME_WCT": [0.003245115280151367, 0.002931356430053711, 0.002068758010864258, 0.0031969547271728516, 0.002599000930786133], "name": "grid_nodes2_states2_nsamples50000"}