{"DURATION": 191.799312, "package-0": 41.800854984297345, "dram": 6.450265337760961}