{"DURATION": 0.024122, "package-0": 20.087762208772077, "dram": 4.898515877622088}