{"DURATION": 0.812408, "package-0": 33.949595523431576, "dram": 6.026133420645784, "Accuracy": 0.5666666666666667}