{"DURATION": 0.242039, "package-0": 30.046571007151737, "dram": 6.081594288523751}