{"WCT": 1.0444557666778564, "Accuracy": 0.5635555555555556}