{"DURATION": 191.688861, "package-0": 40.78266428324179, "dram": 6.454419539797882}