{"DURATION": 0.172581, "package-0": 24.68900979829761, "dram": 5.9251018362392145}