{"DURATION": 0.071854, "package-0": 29.99255434631336, "dram": 6.089208673142761}