{"DURATION": 0.054331, "package-0": 30.578730374924078, "dram": 6.438663010067917}