{"DURATION": 0.006063, "package-0": 28.005937654626425, "dram": 4.6557809665182255, "Accuracy": 0.5777777777777777}