{"DURATION": 0.76067, "package-0": 36.06679243298671, "dram": 6.1579344525221185}