{"DURATION": 0.263718, "package-0": 31.45252125376349, "dram": 6.178816008008554}