{"DURATION": 23.097602, "package-0": 40.69032945497979, "dram": 6.414246379342756}