{"DURATION": 0.198176, "package-0": 23.186561440335865, "dram": 5.639451800419829}