{"DURATION": 0.33981, "package-0": 35.27622200641535, "dram": 6.245125217033047}