{"DURATION": 27.713702, "package-0": 41.72833221631668, "dram": 6.436695429574872}