{"repeats": 2, "start": 1618926744.0311902, "name": "grid_nodes12_states2_nsamples50000", "cl_name": "Grid12", "graph_type": "grid", "states": 2, "vertices": 144, "seed": 876, "predict_samples": 50, "config_id": "MRF_Belief_Propagation_gpu", "uses_gpu": true, "predict_iters": 50, "train_iters": 50, "train_lbp_iters": 5, "modeltype": "MRF", "inferencetype": "BP", "TRAIN_MEMORY_PRE": [1073799168, 1073958912], "TRAIN_MEMORY_ENC": [[1073799168, 1, 1075142656, 8, 1078210560, 79, 1083047936, 4, 1163120640, 1, 1183465472, 1, 1169739776, 14], [1073958912, 1, 1075302400, 7, 1078161408, 80, 1083125760, 3, 1083936768, 1, 1164005376, 1, 1179754496, 1, 1170632704, 13]], "APPLY_MEMORY_PRE": [1073946624, 1074016256], "APPLY_MEMORY_ENC": [[1073946624, 1, 1078075392, 77, 1082912768, 4, 1159766016, 1, 1168142336, 1, 1186119680, 1, 1169408000, 1, 1171660800, 21], [1074016256, 1, 1078104064, 78, 1145860096, 3, 1162952704, 1, 1179512832, 1, 1169567744, 1, 1171943424, 16]], "APPLY_MEMORY_Accuracy": [0.55625, 0.5645833333333333], "TRAIN_ENERGY_DURATION": [1.008469, 1.016027], "TRAIN_ENERGY_package-0": [35.82764765203492, 35.52244674600183], "TRAIN_ENERGY_dram": [6.02284750448452, 6.039363127160991], "APPLY_ENERGY_DURATION": [0.960438, 0.973823], "APPLY_ENERGY_package-0": [34.892603166471964, 34.986118627307015], "APPLY_ENERGY_dram": [5.981930119383032, 5.99330063060741], "APPLY_ENERGY_Accuracy": [0.5333333333333333, 0.5513888888888889], "TRAIN_RUNTIME_WCT": [1.0137114524841309, 1.010772705078125], "APPLY_RUNTIME_WCT": [0.9782936573028564, 0.9758226871490479], "APPLY_RUNTIME_Accuracy": [0.5458333333333333, 0.5805555555555556], "TRAIN_GPU_temperature": [[32, 32, 32, 32], [32, 32, 32, 33]], "TRAIN_GPU_util.gpu": [[0, 0, 6, 6], [0, 0, 6, 6]], "TRAIN_GPU_util.memory": [[0, 0, 0, 0], [0, 0, 0, 0]], "TRAIN_GPU_power.draw": [[19.654, 19.654, 28.966, 47.299], [19.525, 19.525, 27.778, 47.094]], "TRAIN_GPU_memory.used": [[131072, 131072, 127926272, 127926272], [131072, 131072, 127926272, 127926272]], "TRAIN_GPU_timestamp": [[1618933978221.343, 1618933978224.997, 1618933978324.001, 1618933978424.4102], [1618934018869.363, 1618934018873.276, 1618934018971.95, 1618934019072.372]], "APPLY_GPU_temperature": [[32, 32, 32, 32], [32, 32, 32, 33]], "APPLY_GPU_util.gpu": [[0, 0, 6, 6], [0, 0, 6, 6]], "APPLY_GPU_util.memory": [[0, 0, 0, 0], [0, 0, 0, 0]], "APPLY_GPU_power.draw": [[19.194, 19.194, 28.145, 47.204], [19.483, 19.483, 28.89, 47.497]], "APPLY_GPU_memory.used": [[131072, 131072, 127926272, 127926272], [131072, 131072, 127926272, 127926272]], "APPLY_GPU_timestamp": [[1618933983733.34, 1618933983737.059, 1618933983835.8828, 1618933983936.3042], [1618934023909.3772, 1618934023913.114, 1618934024011.964, 1618934024112.3801]], "APPLY_GPU_Accuracy": [0.5555555555555556, 0.5722222222222222]}