{"DURATION": 6.416498, "package-0": 43.10169114055673, "dram": 6.540454465971937}