{"DURATION": 12.905353, "package-0": 42.970997616260476, "dram": 6.599075282946542}