{"DURATION": 0.530541, "package-0": 38.55192718376148, "dram": 6.4127277627930726}