{"DURATION": 0.018151, "package-0": 23.27607294363947, "dram": 5.367748333425156}