{"DURATION": 0.040771, "package-0": 21.658875180888376, "dram": 5.780603860587182}