{"DURATION": 0.033081, "package-0": 32.83945467186603, "dram": 6.231280795622864}