{"x_train_bytes": 9075000, "x_test_bytes": 3025000, "x_train_shape": [37500, 121], "x_test_shape": [12500, 121], "repeats": 5, "start": 1614956156.0170174, "predict_iters": 50, "train_iters": 50, "predict_samples": 50, "train_lbp_iters": 5, "modeltype": "MRF", "inferencetype": "BP", "graph_type": "grid", "states": 2, "vertices": 121, "config_id": "MRF_Belief_Propagation_CPU", "TRAIN_MEMORY_PRE": [134008832, 134361088, 134516736, 133922816, 133693440], "TRAIN_MEMORY_ENC": [[134008832, 1, 136085504, 1, 136683520, 24], [134361088, 1, 136450048, 1, 136970240, 24], [134516736, 1, 136622080, 1, 137129984, 24], [133922816, 1, 136527872, 14, 137031680, 11], [133693440, 1, 135835648, 2, 136343552, 23]], "APPLY_MEMORY_PRE": [133828608, 133877760, 133926912, 133873664, 134336512], "APPLY_MEMORY_ENC": [[133828608, 1, 136704000, 1], [133877760, 1, 136704000, 1], [133926912, 1, 136908800, 1], [133873664, 1, 136699904, 1], [134336512, 1, 136892416, 1]], "TRAIN_ENERGY_DURATION": [0.134096, 0.134192, 0.134623, 0.133216, 0.133792], "TRAIN_ENERGY_package-0": [33.66082508053932, 33.70497496124955, 33.50366579262088, 33.71778915445592, 33.626001554652], "TRAIN_ENERGY_dram": [6.385567056437179, 6.415211040896626, 6.438312918297765, 6.447618904636079, 6.4009955752212395], "APPLY_ENERGY_DURATION": [0.020206, 0.02098, 0.020876, 0.020702, 0.021733], "APPLY_ENERGY_package-0": [31.607938236167477, 30.732745471877983, 31.330283579229743, 29.812820017389623, 29.1034831822574], "APPLY_ENERGY_dram": [6.427892705137088, 6.112726406101049, 6.530848821613335, 6.264998550864651, 6.323333179956748], "TRAIN_RUNTIME_WCT": [0.13343453407287598, 0.1348247528076172, 0.13295531272888184, 0.13371849060058594, 0.13329768180847168], "APPLY_RUNTIME_WCT": [0.020801544189453125, 0.02182602882385254, 0.0208132266998291, 0.020054101943969727, 0.021122217178344727], "name": "grid_nodes11_states2_nsamples50000"}