{"DURATION": 0.181533, "package-0": 23.082838932866203, "dram": 5.649936926068539}