{"DURATION": 0.027261, "package-0": 41.24078353692088, "dram": 6.255603242727706, "Accuracy": 0.5674556213017752}