{"DURATION": 10.05076, "package-0": 40.6556914104008, "dram": 6.41394322419399}