{"DURATION": 73.685256, "package-0": 41.948217836143506, "dram": 6.453728952234353}