{"WCT": 0.1342945098876953, "Accuracy": 0.6111111111111112}