{"DURATION": 0.165247, "package-0": 43.74026759941179, "dram": 6.45574201044497}