{"DURATION": 0.010455, "package-0": 38.95619320899091, "dram": 6.190243902439024}