{"DURATION": 0.145811, "package-0": 24.389970578351427, "dram": 5.907894466123955}