{"repeats": 2, "start": 1618926824.5396736, "name": "grid_nodes13_states2_nsamples50000", "cl_name": "Grid13", "graph_type": "grid", "states": 2, "vertices": 169, "seed": 876, "predict_samples": 50, "config_id": "MRF_Belief_Propagation_gpu", "uses_gpu": true, "predict_iters": 50, "train_iters": 50, "train_lbp_iters": 5, "modeltype": "MRF", "inferencetype": "BP", "TRAIN_MEMORY_PRE": [1078165504, 1078370304], "TRAIN_MEMORY_ENC": [[1078165504, 1, 1079508992, 1, 1080446976, 8, 1082605568, 58, 1087442944, 4, 1167392768, 1, 1187405824, 1, 1173938176, 1, 1176252416, 14], [1078370304, 1, 1079713792, 9, 1082621952, 79, 1087524864, 3, 1088335872, 1, 1166696448, 1, 1184129024, 1, 1175289856, 1, 1177604096, 14]], "APPLY_MEMORY_PRE": [1078099968, 1078083584], "APPLY_MEMORY_ENC": [[1078099968, 1, 1082355712, 77, 1087193088, 3, 1167265792, 1, 1187340288, 1, 1173884928, 1, 1176260608, 15], [1078083584, 1, 1082339328, 77, 1087176704, 3, 1087987712, 1, 1168060416, 1, 1188405248, 1, 1174679552, 1, 1177055232, 17]], "APPLY_MEMORY_Accuracy": [0.5769230769230769, 0.5769230769230769], "TRAIN_ENERGY_DURATION": [1.053196, 1.038874], "TRAIN_ENERGY_package-0": [35.668984690409, 35.849868222710356], "TRAIN_ENERGY_dram": [6.01698164444225, 6.1074875297678055], "APPLY_ENERGY_DURATION": [0.948977, 0.968279], "APPLY_ENERGY_package-0": [34.76249371691833, 34.626752206750325], "APPLY_ENERGY_dram": [6.0167854436935775, 5.984067608612807], "APPLY_ENERGY_Accuracy": [0.5792899408284023, 0.5591715976331361], "TRAIN_RUNTIME_WCT": [1.0491313934326172, 1.0423808097839355], "APPLY_RUNTIME_WCT": [0.9638791084289551, 0.9718801975250244], "APPLY_RUNTIME_Accuracy": [0.5857988165680473, 0.5822485207100592], "TRAIN_GPU_temperature": [[32, 32, 32, 33], [32, 32, 32, 33]], "TRAIN_GPU_util.gpu": [[0, 0, 6, 6], [0, 0, 6, 6]], "TRAIN_GPU_util.memory": [[0, 0, 0, 0], [0, 0, 0, 0]], "TRAIN_GPU_power.draw": [[19.53, 19.53, 27.743, 47.516], [19.531, 19.531, 29.244, 47.234]], "TRAIN_GPU_memory.used": [[131072, 131072, 127926272, 127926272], [131072, 131072, 127926272, 127926272]], "TRAIN_GPU_timestamp": [[1618934059602.234, 1618934059606.128, 1618934059704.8682, 1618934059805.291], [1618934099269.474, 1618934099274.7878, 1618934099372.158, 1618934099472.537]], "APPLY_GPU_temperature": [[31, 31, 32, 32], [32, 32, 32, 33]], "APPLY_GPU_util.gpu": [[0, 0, 6, 6], [0, 0, 6, 6]], "APPLY_GPU_util.memory": [[0, 0, 0, 0], [0, 0, 0, 0]], "APPLY_GPU_power.draw": [[19.622, 19.622, 27.909, 47.83], [19.48, 19.48, 29.777, 47.526]], "APPLY_GPU_memory.used": [[131072, 131072, 127926272, 127926272], [131072, 131072, 127926272, 127926272]], "APPLY_GPU_timestamp": [[1618934064534.542, 1618934064537.627, 1618934064637.124, 1618934064737.559], [1618934104799.866, 1618934104804.056, 1618934104902.507, 1618934105002.9832]], "APPLY_GPU_Accuracy": [0.5751479289940828, 0.565680473372781]}