{"DURATION": 168.062448, "package-0": 41.915941989610914, "dram": 6.398957541068307}