{"DURATION": 0.259584, "package-0": 32.65221277120316, "dram": 6.190574149408284}