{"DURATION": 0.010446, "package-0": 19.0420256557534, "dram": 4.341374688876125}