{"DURATION": 0.018527, "package-0": 43.98661413072813, "dram": 6.303502995628003, "Accuracy": 0.5661157024793388}