{"DURATION": 2.134074, "package-0": 39.07022624332615, "dram": 6.159563820186179, "Accuracy": 0.55}