{"DURATION": 0.884723, "package-0": 34.3989881578754, "dram": 6.022790184046306, "Accuracy": 0.5728395061728395}