{"DURATION": 2.503098, "package-0": 39.86073178117677, "dram": 6.159246661537024}