{"DURATION": 0.189016, "package-0": 28.635263681381474, "dram": 6.039509882761248}