{"DURATION": 0.832127, "package-0": 33.82289842776403, "dram": 5.953126145408094, "Accuracy": 0.53125}