{"DURATION": 0.154769, "package-0": 23.748082626365747, "dram": 5.945357274389575}