{"x_train_bytes": 1200000, "x_test_bytes": 400000, "x_train_shape": [37500, 16], "x_test_shape": [12500, 16], "repeats": 5, "start": 1614956701.3524456, "predict_iters": 50, "train_iters": 50, "predict_samples": 50, "train_lbp_iters": 5, "modeltype": "MRF", "inferencetype": "BP", "graph_type": "grid", "states": 2, "vertices": 16, "config_id": "MRF_Belief_Propagation_CPU", "TRAIN_MEMORY_PRE": [112975872, 112873472, 113041408, 112795648, 112353280], "TRAIN_MEMORY_ENC": [[112975872, 1, 116350976, 2], [112873472, 1, 115765248, 2], [113041408, 1, 115933184, 1], [112795648, 1, 115687424, 1], [112353280, 1, 115245056, 1]], "APPLY_MEMORY_PRE": [112988160, 113033216, 113025024, 112545792, 112930816], "APPLY_MEMORY_ENC": [[112988160, 1], [113033216, 1], [113025024, 1, 115916800, 1], [112545792, 1, 115437568, 1], [112930816, 1, 115822592, 1]], "TRAIN_ENERGY_DURATION": [0.024321, 0.024122, 0.02416, 0.020479, 0.024665], "TRAIN_ENERGY_package-0": [20.826857448295716, 20.087762208772077, 20.85951986754967, 23.366082328238683, 19.41289276302453], "TRAIN_ENERGY_dram": [5.694461576415444, 4.898515877622088, 4.640687086092715, 5.509155720494165, 5.410379079667545], "APPLY_ENERGY_DURATION": [0.009733, 0.008143, 0.00536, 0.005867, 0.009353], "APPLY_ENERGY_package-0": [14.780540429466761, 16.594743951860494, 22.387126865671643, 19.786603033918528, 16.085854805944617], "APPLY_ENERGY_dram": [4.225521421966505, 4.479307380572271, 6.045895522388059, 4.683483892960627, 3.8310702448412277], "TRAIN_RUNTIME_WCT": [0.02294301986694336, 0.023670673370361328, 0.025433063507080078, 0.022694110870361328, 0.023541927337646484], "APPLY_RUNTIME_WCT": [0.006989717483520508, 0.00772404670715332, 0.005214214324951172, 0.005892515182495117, 0.006924867630004883], "name": "grid_nodes4_states2_nsamples50000"}