{"DURATION": 0.020884, "package-0": 16.018626699865926, "dram": 4.5598065504692595}