{"DURATION": 1.224484, "package-0": 40.65796613103969, "dram": 6.436043263938116}