{"repeats": 2, "start": 1618849354.3935628, "name": "grid_nodes13_states2_nsamples50000", "cl_name": "Grid13", "graph_type": "grid", "states": 2, "vertices": 169, "seed": 876, "predict_samples": 50, "config_id": "MRF_Belief_Propagation_cpu", "uses_gpu": false, "predict_iters": 50, "train_iters": 50, "train_lbp_iters": 5, "modeltype": "MRF", "inferencetype": "BP", "TRAIN_MEMORY_PRE": [1078312960, 1077972992], "TRAIN_MEMORY_ENC": [[1078312960, 1, 1079656448, 10, 1080844288, 7], [1077972992, 1, 1079316480, 16]], "APPLY_MEMORY_PRE": [1078149120, 1078132736], "APPLY_MEMORY_ENC": [[1078149120, 1, 1079492608, 1], [1078132736, 1, 1079476224, 1]], "APPLY_MEMORY_Accuracy": [0.5751479289940828, 0.5621301775147929], "TRAIN_ENERGY_DURATION": [0.165862, 0.165247], "TRAIN_ENERGY_package-0": [43.568882565023934, 43.74026759941179], "TRAIN_ENERGY_dram": [6.409304120292773, 6.45574201044497], "APPLY_ENERGY_DURATION": [0.027261, 0.025226], "APPLY_ENERGY_package-0": [41.24078353692088, 45.16046935701261], "APPLY_ENERGY_dram": [6.255603242727706, 6.420003171331167], "APPLY_ENERGY_Accuracy": [0.5674556213017752, 0.5668639053254438], "TRAIN_RUNTIME_WCT": [0.1622469425201416, 0.16540193557739258], "APPLY_RUNTIME_WCT": [0.025098800659179688, 0.024781227111816406], "APPLY_RUNTIME_Accuracy": [0.572189349112426, 0.5798816568047337]}