{"DURATION": 0.077404, "package-0": 44.186592424164125, "dram": 6.3904836959330265}