{"DURATION": 0.219843, "package-0": 27.266872267936662, "dram": 6.087139458613646}