{"WCT": 0.00980830192565918, "Accuracy": 0.5861111111111111}