{"DURATION": 0.042441, "package-0": 28.60121109304682, "dram": 6.434933201385452}