{"WCT": 0.0335850715637207, "Accuracy": 0.5795555555555556}