{"WCT": 1.425816535949707, "Accuracy": 0.5805555555555556}