{"DURATION": 28.501781, "package-0": 43.06032633539637, "dram": 6.595450052752844}