{"DURATION": 0.438032, "package-0": 35.53384912517807, "dram": 6.264332286225664}