{"DURATION": 0.15626, "package-0": 35.078522974529626, "dram": 6.411788045565083}