{"DURATION": 0.212385, "package-0": 26.557850130658945, "dram": 5.900426112955247}