{"DURATION": 0.441648, "package-0": 33.78395464261131, "dram": 6.118503876390247}