{"DURATION": 0.15916, "package-0": 24.30968836391053, "dram": 5.965807991957778}