{"DURATION": 0.645973, "package-0": 35.8168545744172, "dram": 6.148061915900509}