{"DURATION": 0.025066, "package-0": 38.50909598659539, "dram": 6.228436926514003, "Accuracy": 0.5916666666666667}