{"DURATION": 0.014259, "package-0": 20.3064731047058, "dram": 5.781331089136685}