{"DURATION": 3.569334, "package-0": 41.21043337496575, "dram": 6.408402800074187}