{"DURATION": 0.186503, "package-0": 26.26851578794979, "dram": 5.954268832136749}