{"DURATION": 0.317219, "package-0": 40.83192999158311, "dram": 6.33474665767183}