{"DURATION": 0.221074, "package-0": 26.00269592986964, "dram": 5.711567167554756}