{"DURATION": 0.010967, "package-0": 26.045773684690438, "dram": 6.478800036473056}