{"DURATION": 0.028466, "package-0": 31.57886601559755, "dram": 6.358427597836014}