{"DURATION": 0.313806, "package-0": 34.09628241652486, "dram": 6.252305564584489}