{"DURATION": 3.570888, "package-0": 41.6604032386342, "dram": 6.401706242256828}