{"DURATION": 0.447606, "package-0": 36.85627315094078, "dram": 6.323266444149541}