{"DURATION": 0.00361, "package-0": 20.305540166204985, "dram": 3.8905817174515236}