{"DURATION": 0.370519, "package-0": 33.16097959888697, "dram": 6.099784356537721}