{"DURATION": 0.133792, "package-0": 33.626001554652, "dram": 6.4009955752212395}