{"DURATION": 10.044332, "package-0": 42.01012481467159, "dram": 6.43542527268115, "Accuracy": 0.549}