{"DURATION": 0.029423, "package-0": 46.51833599564966, "dram": 6.613363695068484, "Accuracy": 0.5683673469387756}