{"WCT": 1.0130250453948975, "Accuracy": 0.5775510204081633}