{"DURATION": 0.015586, "package-0": 20.230142435519056, "dram": 5.743616065699988}