{"repeats": 2, "start": 1618890906.9742022, "name": "grid_nodes9_states2_nsamples50000", "cl_name": "Grid9", "graph_type": "grid", "states": 2, "vertices": 81, "seed": 876, "predict_samples": 50, "config_id": "MRF_Junction_Tree_cpu", "uses_gpu": false, "predict_iters": 50, "train_iters": 50, "train_lbp_iters": 5, "modeltype": "MRF", "inferencetype": "JT", "TRAIN_MEMORY_PRE": [1057124352, 1063251968], "TRAIN_MEMORY_ENC": [[1057124352, 1, 1058467840, 890], [1063251968, 1, 1064595456, 891]], "APPLY_MEMORY_PRE": [1057095680, 1058996224], "APPLY_MEMORY_ENC": [[1057095680, 1, 1058439168, 384], [1058996224, 1, 1060339712, 386]], "APPLY_MEMORY_Accuracy": [0.6061728395061728, 0.5530864197530864], "TRAIN_ENERGY_DURATION": [8.223551, 8.229169], "TRAIN_ENERGY_package-0": [41.86655144474692, 41.441283560952506], "TRAIN_ENERGY_dram": [6.444619240520305, 6.436646033153529], "APPLY_ENERGY_DURATION": [3.573701, 3.572627], "APPLY_ENERGY_package-0": [41.914126839374646, 41.955684430532486], "APPLY_ENERGY_dram": [6.435707967734291, 6.428122779120239], "APPLY_ENERGY_Accuracy": [0.5333333333333333, 0.5703703703703704], "TRAIN_RUNTIME_WCT": [8.212170124053955, 8.208051443099976], "APPLY_RUNTIME_WCT": [3.5644235610961914, 3.5680058002471924], "APPLY_RUNTIME_Accuracy": [0.5395061728395062, 0.5691358024691358]}