{"WCT": 2.127061605453491, "Accuracy": 0.5015625}