{"DURATION": 0.101102, "package-0": 32.34549267076814, "dram": 6.442523392217761}