{"repeats": 2, "start": 1618930879.558311, "name": "grid_nodes11_states2_nsamples50000", "cl_name": "Grid11", "graph_type": "grid", "states": 2, "vertices": 121, "seed": 876, "predict_samples": 50, "config_id": "MRF_Junction_Tree_gpu", "uses_gpu": true, "predict_iters": 50, "train_iters": 50, "train_lbp_iters": 5, "modeltype": "MRF", "inferencetype": "JT", "TRAIN_MEMORY_PRE": [1070747648, 1070260224], "TRAIN_MEMORY_ENC": [[1070747648, 1, 1072091136, 7, 1078505472, 25, 1080815616, 3, 1082273792, 76, 1086525440, 1, 1149779968, 1, 1150353408, 1, 1150930944, 1, 1165873152, 1, 1175121920, 1, 1178222592, 2, 1180663808, 1, 1184690176, 1, 1187393536, 1, 1190907904, 2, 1193070592, 760], [1070260224, 1, 1071603712, 22, 1073577984, 1, 1073848320, 1, 1074388992, 1, 1074659328, 1, 1075200000, 1, 1075470336, 1, 1076011008, 1, 1076281344, 1, 1076822016, 1, 1077092352, 1, 1077633024, 1, 1077903360, 1, 1080184832, 3, 1081765888, 77, 1086017536, 2, 1149558784, 1, 1151234048, 1, 1167589376, 1, 1176985600, 1, 1178464256, 1, 1181863936, 1, 1187270656, 1, 1187811328, 3, 1190006784, 10, 1190604800, 752]], "APPLY_MEMORY_PRE": [1070325760, 1069641728], "APPLY_MEMORY_ENC": [[1070325760, 1, 1071669248, 14, 1072881664, 1, 1073422336, 1, 1073963008, 1, 1074233344, 1, 1074774016, 1, 1075044352, 1, 1075585024, 1, 1075855360, 1, 1076396032, 1, 1076666368, 1, 1077207040, 1, 1077477376, 1, 1079799808, 3, 1081257984, 77, 1085448192, 2, 1148989440, 1, 1150664704, 1, 1167831040, 1, 1177571328, 1, 1177821184, 1, 1183776768, 1, 1187291136, 3, 1189912576, 550, 1188077568, 1], [1069641728, 1, 1076289536, 1, 1077100544, 24, 1079394304, 2, 1080913920, 77, 1084858368, 2, 1148522496, 1, 1149386752, 1, 1166614528, 1, 1177763840, 1, 1176666112, 1, 1178243072, 1, 1179385856, 1, 1184911360, 1, 1187885056, 3, 1190092800, 555]], "APPLY_MEMORY_Accuracy": [0.5520661157024793, 0.5429752066115703], "TRAIN_ENERGY_DURATION": [9.276987, 9.25197], "TRAIN_ENERGY_package-0": [42.95333775933932, 43.49311335856039], "TRAIN_ENERGY_dram": [6.386293631757811, 6.40301460121466], "APPLY_ENERGY_DURATION": [6.868306, 6.858669], "APPLY_ENERGY_package-0": [41.120961122000104, 41.24236728729729], "APPLY_ENERGY_dram": [6.34870476067898, 6.382326366821318], "APPLY_ENERGY_Accuracy": [0.5702479338842975, 0.552892561983471], "TRAIN_RUNTIME_WCT": [9.292613744735718, 9.264314651489258], "APPLY_RUNTIME_WCT": [6.865342855453491, 6.859916925430298], "APPLY_RUNTIME_Accuracy": [0.547107438016529, 0.5462809917355372], "TRAIN_GPU_temperature": [[38, 38, 39, 39, 39, 39, 40, 40, 40, 40, 40, 40, 40, 40, 40, 40, 41, 40, 40, 40, 41, 40, 41, 41, 41, 41, 41, 41, 41, 41, 41, 41, 41, 41, 41, 41, 41, 41, 41, 41, 41, 41, 41, 41, 41, 41, 41, 41, 41, 41, 41, 41, 41, 41, 41, 41, 41, 41, 41, 41, 41, 41, 41, 41, 41, 41, 41, 41, 41, 41, 41, 41, 41, 41, 41, 41, 41, 41, 41, 41, 41, 41, 41, 41], [39, 39, 40, 40, 40, 40, 41, 41, 41, 41, 41, 41, 41, 41, 41, 41, 41, 41, 41, 41, 42, 41, 42, 41, 42, 41, 42, 42, 42, 42, 41, 42, 42, 42, 42, 42, 42, 42, 42, 42, 42, 42, 42, 42, 42, 42, 42, 42, 42, 42, 42, 42, 42, 42, 42, 42, 42, 42, 42, 42, 42, 42, 42, 42, 42, 42, 42, 42, 42, 42, 42, 42, 42, 42, 42, 42, 42, 42, 42, 42, 42, 42, 42, 42]], "TRAIN_GPU_util.gpu": [[0, 0, 6, 6, 43, 43, 82, 82, 81, 81, 80, 80, 81, 81, 80, 80, 81, 81, 80, 80, 81, 81, 80, 80, 81, 81, 80, 80, 81, 81, 80, 80, 81, 81, 80, 80, 81, 81, 80, 80, 80, 80, 81, 81, 80, 80, 81, 81, 80, 80, 81, 81, 80, 80, 81, 81, 80, 80, 81, 81, 80, 80, 81, 81, 80, 80, 81, 81, 80, 80, 81, 81, 80, 80, 81, 81, 80, 80, 81, 81, 80, 80, 81, 81], [0, 0, 6, 6, 43, 43, 82, 82, 82, 82, 80, 80, 81, 81, 80, 80, 81, 81, 80, 80, 81, 81, 80, 80, 81, 81, 80, 80, 81, 81, 80, 80, 81, 81, 80, 80, 81, 81, 80, 80, 81, 81, 80, 80, 81, 81, 81, 81, 80, 80, 82, 82, 80, 80, 82, 82, 80, 80, 82, 82, 80, 80, 81, 81, 80, 80, 82, 82, 80, 80, 81, 81, 80, 80, 81, 81, 80, 80, 81, 81, 80, 80, 81, 81]], "TRAIN_GPU_util.memory": [[0, 0, 0, 0, 0, 0, 0, 0, 0, 0, 0, 0, 0, 0, 0, 0, 0, 0, 0, 0, 0, 0, 0, 0, 0, 0, 0, 0, 0, 0, 0, 0, 0, 0, 0, 0, 0, 0, 0, 0, 0, 0, 0, 0, 0, 0, 0, 0, 0, 0, 0, 0, 0, 0, 0, 0, 0, 0, 0, 0, 0, 0, 0, 0, 0, 0, 0, 0, 0, 0, 0, 0, 0, 0, 0, 0, 0, 0, 0, 0, 0, 0, 0, 0], [0, 0, 0, 0, 0, 0, 0, 0, 0, 0, 0, 0, 0, 0, 0, 0, 0, 0, 0, 0, 0, 0, 0, 0, 0, 0, 0, 0, 0, 0, 0, 0, 0, 0, 0, 0, 0, 0, 0, 0, 0, 0, 0, 0, 0, 0, 0, 0, 0, 0, 0, 0, 0, 0, 0, 0, 0, 0, 0, 0, 0, 0, 0, 0, 0, 0, 0, 0, 0, 0, 0, 0, 0, 0, 0, 0, 0, 0, 0, 0, 0, 0, 0, 0]], "TRAIN_GPU_power.draw": [[20.242, 20.242, 28.667, 44.685, 52.134, 58.367, 59.725, 74.395, 78.56, 74.042, 76.444, 75.608, 78.441, 74.251, 75.918, 76.029, 77.828, 74.654, 75.994, 76.786, 77.259, 74.867, 75.287, 77.255, 76.704, 75.233, 75.108, 77.876, 76.165, 75.717, 74.804, 78.605, 75.571, 76.095, 74.824, 78.897, 74.919, 76.657, 75.047, 78.804, 74.317, 76.758, 75.35, 79.074, 74.398, 76.581, 76.06, 78.277, 74.714, 76.241, 76.749, 77.585, 74.935, 75.881, 77.032, 76.969, 75.361, 74.987, 77.558, 76.628, 75.688, 75.156, 78.455, 76.045, 76.152, 74.927, 79.282, 75.499, 76.524, 75.148, 79.106, 74.799, 76.879, 75.268, 79.09, 74.496, 76.774, 76.075, 78.694, 74.735, 76.562, 76.762, 78.116, 75.333], [20.205, 20.205, 28.678, 44.675, 52.061, 57.19, 58.23, 70.562, 75.625, 71.471, 74.065, 72.44, 75.883, 71.502, 73.904, 73.242, 75.435, 71.912, 73.416, 73.709, 74.724, 72.095, 73.129, 74.148, 74.377, 72.179, 72.643, 74.609, 73.894, 72.6, 72.174, 75.158, 73.288, 72.791, 72.048, 75.588, 72.785, 73.498, 72.245, 76.292, 72.426, 73.921, 72.511, 76.171, 71.632, 73.991, 72.743, 76.052, 71.607, 73.648, 73.26, 75.5, 72.015, 73.548, 73.965, 75.016, 72.406, 73.192, 74.687, 74.626, 72.766, 73.035, 74.998, 73.993, 73.028, 72.496, 75.529, 73.42, 73.176, 72.065, 76.103, 72.805, 73.847, 72.157, 76.264, 71.961, 74.18, 72.453, 76.285, 71.849, 74.278, 73.041, 76.096, 72.074]], "TRAIN_GPU_memory.used": [[131072, 131072, 123731968, 130023424, 130023424, 130023424, 130023424, 130023424, 130023424, 130023424, 130023424, 130023424, 130023424, 130023424, 130023424, 130023424, 130023424, 130023424, 130023424, 130023424, 130023424, 130023424, 130023424, 130023424, 130023424, 130023424, 130023424, 130023424, 130023424, 130023424, 130023424, 130023424, 130023424, 130023424, 130023424, 130023424, 130023424, 130023424, 130023424, 130023424, 130023424, 130023424, 130023424, 130023424, 130023424, 130023424, 130023424, 130023424, 130023424, 130023424, 130023424, 130023424, 130023424, 130023424, 130023424, 130023424, 130023424, 130023424, 130023424, 130023424, 130023424, 130023424, 130023424, 130023424, 130023424, 130023424, 130023424, 130023424, 130023424, 130023424, 130023424, 130023424, 130023424, 130023424, 130023424, 130023424, 130023424, 130023424, 130023424, 130023424, 130023424, 130023424, 130023424, 127926272], [131072, 131072, 125829120, 130023424, 130023424, 130023424, 130023424, 130023424, 130023424, 130023424, 130023424, 130023424, 130023424, 130023424, 130023424, 130023424, 130023424, 130023424, 130023424, 130023424, 130023424, 130023424, 130023424, 130023424, 130023424, 130023424, 130023424, 130023424, 130023424, 130023424, 130023424, 130023424, 130023424, 130023424, 130023424, 130023424, 130023424, 130023424, 130023424, 130023424, 130023424, 130023424, 130023424, 130023424, 130023424, 130023424, 130023424, 130023424, 130023424, 130023424, 130023424, 130023424, 130023424, 130023424, 130023424, 130023424, 130023424, 130023424, 130023424, 130023424, 130023424, 130023424, 130023424, 130023424, 130023424, 130023424, 130023424, 130023424, 130023424, 130023424, 130023424, 130023424, 130023424, 130023424, 130023424, 130023424, 130023424, 130023424, 130023424, 130023424, 130023424, 130023424, 130023424, 127926272]],