{"DURATION": 3.572062, "package-0": 41.6458566508644, "dram": 6.447497551834207}