{"DURATION": 0.157808, "package-0": 23.76029098651526, "dram": 5.939743232282267}