{"DURATION": 0.335331, "package-0": 35.763239903259766, "dram": 6.336479478485437}