{"DURATION": 2.231762, "package-0": 41.76275740872011, "dram": 6.401415563129044}