{"DURATION": 23.075416, "package-0": 40.728988547812094, "dram": 6.419536835218919}