{"DURATION": 0.896171, "package-0": 34.05559430064128, "dram": 5.99066807562396, "Accuracy": 0.576}