{"DURATION": 46.507815, "package-0": 44.79878942926043, "dram": 6.598227244173908}