{"DURATION": 0.171905, "package-0": 27.22777696983799, "dram": 6.035176405572845}