{"DURATION": 14.316795, "package-0": 40.60167125393637, "dram": 6.500830877301798}