{"DURATION": 0.177497, "package-0": 26.046395150340572, "dram": 5.918139461512026}