{"DURATION": 0.195908, "package-0": 28.44663311350226, "dram": 6.033449374196052}