{"DURATION": 14.255862, "package-0": 44.44966133931431, "dram": 6.42130339084371}