{"DURATION": 0.188314, "package-0": 29.082973119364464, "dram": 6.193150801321198}