{"DURATION": 2826.940205, "package-0": 41.73621534913222, "dram": 6.472351017413898}