{"WCT": 0.8786118030548096, "Accuracy": 0.5693877551020409}