{"DURATION": 0.1277, "package-0": 31.508778386844167, "dram": 6.304032889584964}