{"DURATION": 0.401648, "package-0": 37.77791250049795, "dram": 6.4413093056606785}