{"DURATION": 0.018103, "package-0": 17.650002761973155, "dram": 4.230900955642711}