{"DURATION": 1243.827833, "package-0": 40.768701034526536, "dram": 6.470281550613927}