{"DURATION": 0.012002, "package-0": 26.255874020996497, "dram": 5.95709048491918}