{"x_train_bytes": 2700000, "x_test_bytes": 900000, "x_train_shape": [37500, 36], "x_test_shape": [12500, 36], "repeats": 5, "start": 1614966383.4101896, "predict_iters": 50, "train_iters": 50, "predict_samples": 50, "train_lbp_iters": 5, "modeltype": "MRF", "inferencetype": "JT", "graph_type": "grid", "states": 2, "vertices": 36, "config_id": "MRF_Junction_Tree_CPU", "TRAIN_MEMORY_PRE": [116269056, 116432896, 116453376, 116445184, 117006336], "TRAIN_MEMORY_ENC": [[116269056, 1, 119160832, 2, 120307712, 71], [116432896, 1, 119525376, 73], [116453376, 1, 119701504, 73], [116445184, 1, 119554048, 72], [117006336, 1, 120037376, 73]], "APPLY_MEMORY_PRE": [116625408, 116572160, 116387840, 116568064, 116408320], "APPLY_MEMORY_ENC": [[116625408, 1, 119734272, 25], [116572160, 1, 119721984, 25, 120598528, 1], [116387840, 1, 119549952, 25], [116568064, 1, 119676928, 25], [116408320, 1, 119406592, 25]], "TRAIN_ENERGY_DURATION": [0.316967, 0.314257, 0.314476, 0.314173, 0.314966], "TRAIN_ENERGY_package-0": [36.69952708010613, 36.6003748524297, 36.72802058026686, 36.370817988815084, 36.43155769194135], "TRAIN_ENERGY_dram": [6.310625396334634, 6.379896072322971, 6.419097164807489, 6.4256731164040195, 6.395703028263367], "APPLY_ENERGY_DURATION": [0.132549, 0.130017, 0.1277, 0.127468, 0.128372], "APPLY_ENERGY_package-0": [30.950569223456984, 31.02332002738104, 31.508778386844167, 31.330545705588854, 31.640053905836158], "APPLY_ENERGY_dram": [6.241940716263419, 6.263473238115016, 6.304032889584964, 6.397252643800797, 6.409995949272426], "TRAIN_RUNTIME_WCT": [0.3125953674316406, 0.31427478790283203, 0.3131289482116699, 0.31388187408447266, 0.3131215572357178], "APPLY_RUNTIME_WCT": [0.1305551528930664, 0.1307826042175293, 0.13041019439697266, 0.12649750709533691, 0.13028597831726074], "name": "grid_nodes6_states2_nsamples50000"}