{"DURATION": 3.566447, "package-0": 42.72475856223294, "dram": 6.478510685845044}