{"DURATION": 0.003401, "package-0": 50.12378712143487, "dram": 7.8094678035871805, "Accuracy": 0.54375}