{"DURATION": 1.03091, "package-0": 35.7441153931963, "dram": 6.096952207273185, "Accuracy": 0.5595555555555556}