{"DURATION": 0.727595, "package-0": 38.07180780516634, "dram": 6.218180443790845}