{"DURATION": 0.006575, "package-0": 14.620532319391634, "dram": 4.909961977186311}