{"DURATION": 0.009483, "package-0": 17.57745439207002, "dram": 4.269007697985869}