{"DURATION": 0.090033, "package-0": 31.518443237479588, "dram": 6.443181944398165}