{"DURATION": 0.217978, "package-0": 27.93501179018066, "dram": 5.999467836203654}