{"DURATION": 0.246411, "package-0": 32.47120461343041, "dram": 6.184801003201968}