{"DURATION": 1243.713685, "package-0": 42.821037516363745, "dram": 6.409801053206229, "Accuracy": 0.5706666666666667}