{"DURATION": 0.008975, "package-0": 25.01927576601671, "dram": 4.060612813370473, "Accuracy": 0.4888888888888889}