{"DURATION": 27.702752, "package-0": 41.677531207007874, "dram": 6.4313920869666665}