{"DURATION": 0.008924, "package-0": 28.05524428507396, "dram": 4.665060510981623}