{"DURATION": 0.953501, "package-0": 33.44419984876786, "dram": 5.826589589313488, "Accuracy": 0.4}