{"DURATION": 0.043997, "package-0": 27.582767006841376, "dram": 6.044253017251177}