{"DURATION": 1.016027, "package-0": 35.52244674600183, "dram": 6.039363127160991}