{"DURATION": 0.206299, "package-0": 37.71377466686702, "dram": 6.464893189012065}