{"DURATION": 0.257708, "package-0": 28.01175361261583, "dram": 5.921694320704053}