{"DURATION": 0.229748, "package-0": 30.546990615805143, "dram": 6.187844943155109}