{"DURATION": 0.01787, "package-0": 18.464185786233912, "dram": 5.01040850587577}