{"DURATION": 168.161784, "package-0": 41.95755639699921, "dram": 6.422677063178635}