{"repeats": 2, "start": 1618849307.4254053, "name": "grid_nodes12_states2_nsamples50000", "cl_name": "Grid12", "graph_type": "grid", "states": 2, "vertices": 144, "seed": 876, "predict_samples": 50, "config_id": "MRF_Belief_Propagation_cpu", "uses_gpu": false, "predict_iters": 50, "train_iters": 50, "train_lbp_iters": 5, "modeltype": "MRF", "inferencetype": "BP", "TRAIN_MEMORY_PRE": [1073856512, 1074020352], "TRAIN_MEMORY_ENC": [[1073856512, 1, 1075200000, 13], [1074020352, 1, 1075363840, 14]], "APPLY_MEMORY_PRE": [1074081792, 1074040832], "APPLY_MEMORY_ENC": [[1074081792, 1, 1075425280, 1], [1074040832, 1, 1075384320, 1]], "APPLY_MEMORY_Accuracy": [0.5826388888888889, 0.6145833333333334], "TRAIN_ENERGY_DURATION": [0.141449, 0.143172], "TRAIN_ENERGY_package-0": [43.215413329185786, 42.824937837007234], "TRAIN_ENERGY_dram": [6.312579092110938, 6.376812505238455], "APPLY_ENERGY_DURATION": [0.025066, 0.024505], "APPLY_ENERGY_package-0": [38.50909598659539, 37.990899816364006], "APPLY_ENERGY_dram": [6.228436926514003, 6.069414405223424], "APPLY_ENERGY_Accuracy": [0.5916666666666667, 0.6097222222222223], "TRAIN_RUNTIME_WCT": [0.137160062789917, 0.13683080673217773], "APPLY_RUNTIME_WCT": [0.024790048599243164, 0.022774696350097656], "APPLY_RUNTIME_Accuracy": [0.6083333333333333, 0.5611111111111111]}