{"DURATION": 0.248226, "package-0": 27.884323157122942, "dram": 5.9501663806369995}