{"DURATION": 2.762357, "package-0": 40.07123699072929, "dram": 6.281699287963141, "Accuracy": 0.5333333333333333}