{"DURATION": 0.230678, "package-0": 26.73360268426118, "dram": 5.970352612732901}