{"WCT": 0.8683676719665527, "Accuracy": 0.5703125}