{"DURATION": 12.882411, "package-0": 43.05712727221636, "dram": 6.608739466548615}