{"DURATION": 2830.552208, "package-0": 41.70760737404494, "dram": 6.451869980134986}