{"DURATION": 0.020876, "package-0": 31.330283579229743, "dram": 6.530848821613335}