{"DURATION": 0.40753, "package-0": 41.17769489362746, "dram": 6.358361347630849, "Accuracy": 0.5489795918367347}