{"DURATION": 0.014984, "package-0": 20.52562733582488, "dram": 5.886545648691938}