{"DURATION": 0.013161, "package-0": 26.01208114884887, "dram": 6.4473064356811784}