{"DURATION": 0.018747, "package-0": 28.461513842214757, "dram": 4.402197684962927}