{"DURATION": 0.251786, "package-0": 29.929177952705867, "dram": 6.157709324585163}