{"DURATION": 0.359356, "package-0": 34.50564342880041, "dram": 6.2560135353243025}