{"DURATION": 0.862309, "package-0": 34.04957271697269, "dram": 5.977619391656588}