{"DURATION": 3.572627, "package-0": 41.955684430532486, "dram": 6.428122779120239, "Accuracy": 0.5703703703703704}