{"DURATION": 1.22166, "package-0": 40.694246353322534, "dram": 6.4299174893178135}