{"DURATION": 0.01908, "package-0": 28.19507337526206, "dram": 6.025366876310272}