{"DURATION": 0.008296, "package-0": 16.66393442622951, "dram": 4.378254580520733}