{"repeats": 2, "start": 1618927145.0803666, "name": "grid_nodes3_states2_nsamples50000", "cl_name": "Grid3", "graph_type": "grid", "states": 2, "vertices": 9, "seed": 876, "predict_samples": 50, "config_id": "MRF_Belief_Propagation_gpu", "uses_gpu": true, "predict_iters": 50, "train_iters": 50, "train_lbp_iters": 5, "modeltype": "MRF", "inferencetype": "BP", "TRAIN_MEMORY_PRE": [1048612864, 1048801280], "TRAIN_MEMORY_ENC": [[1048612864, 1, 1053163520, 79, 1058127872, 4, 1135910912, 1, 1157730304, 1, 1144823808, 4], [1048801280, 1, 1053036544, 79, 1057939456, 4, 1137946624, 1, 1154985984, 1, 1144500224, 3]], "APPLY_MEMORY_PRE": [1048670208, 1048727552], "APPLY_MEMORY_ENC": [[1048670208, 1, 1052848128, 78, 1057685504, 4, 1135411200, 1, 1153863680, 1, 1144180736, 2], [1048727552, 1, 1052971008, 77, 1057808384, 4, 1134661632, 1, 1143246848, 1, 1144238080, 2]], "APPLY_MEMORY_Accuracy": [0.6, 0.6222222222222222], "TRAIN_ENERGY_DURATION": [0.843975, 0.8437], "TRAIN_ENERGY_package-0": [33.870076720282, 33.83879696574612], "TRAIN_ENERGY_dram": [5.900064575372493, 5.939943107739717], "APPLY_ENERGY_DURATION": [0.815375, 0.812408], "APPLY_ENERGY_package-0": [33.85255741223364, 33.949595523431576], "APPLY_ENERGY_dram": [5.88872849915683, 6.026133420645784], "APPLY_ENERGY_Accuracy": [0.5333333333333333, 0.5666666666666667], "TRAIN_RUNTIME_WCT": [0.8366620540618896, 0.8429718017578125], "APPLY_RUNTIME_WCT": [0.819411039352417, 0.8163511753082275], "APPLY_RUNTIME_Accuracy": [0.5555555555555556, 0.5444444444444444], "TRAIN_GPU_temperature": [[32, 32, 32], [32, 32, 32]], "TRAIN_GPU_util.gpu": [[0, 0, 6], [0, 0, 6]], "TRAIN_GPU_util.memory": [[0, 0, 0], [0, 0, 0]], "TRAIN_GPU_power.draw": [[19.634, 19.634, 27.839], [19.507, 19.507, 28.258]], "TRAIN_GPU_memory.used": [[131072, 131072, 127926272], [131072, 131072, 127926272]], "TRAIN_GPU_timestamp": [[1618934378546.509, 1618934378550.824, 1618934378649.082], [1618934416844.1191, 1618934416847.822, 1618934416946.6792]], "APPLY_GPU_temperature": [[32, 32, 32], [32, 32, 32]], "APPLY_GPU_util.gpu": [[0, 0, 6], [0, 0, 6]], "APPLY_GPU_util.memory": [[0, 0, 0], [0, 0, 0]], "APPLY_GPU_power.draw": [[19.582, 19.582, 30.063], [19.48, 19.48, 28.64]], "APPLY_GPU_memory.used": [[131072, 131072, 127926272], [131072, 131072, 127926272]], "APPLY_GPU_timestamp": [[1618934383347.156, 1618934383351.0898, 1618934383449.7458], [1618934421760.419, 1618934421763.939, 1618934421863.116]], "APPLY_GPU_Accuracy": [0.45555555555555555, 0.5333333333333333]}