{"DURATION": 1.115916, "package-0": 36.62337398155417, "dram": 6.123175937973826}