{"DURATION": 0.024133, "package-0": 32.06658931753201, "dram": 6.419135623420212}