{"DURATION": 0.892448, "package-0": 33.35974196815949, "dram": 5.800452239234106}