{"DURATION": 10.06417, "package-0": 40.59515797129818, "dram": 6.404734220507005}