{"DURATION": 0.016416, "package-0": 25.557687621832358, "dram": 6.3227948343079925}