{"DURATION": 0.873285, "package-0": 32.92326216527251, "dram": 5.746945155361652, "Accuracy": 0.575}