{"DURATION": 0.018953, "package-0": 18.136917638368597, "dram": 4.446420091806046}