{"DURATION": 0.218306, "package-0": 30.09141297078413, "dram": 6.113313422443726}