{"DURATION": 14.328868, "package-0": 40.263225329453796, "dram": 6.476644979910486}