{"DURATION": 0.205467, "package-0": 30.199204738473814, "dram": 6.201774494201015}