{"DURATION": 0.83066, "package-0": 34.05148436183276, "dram": 6.033614234464161, "Accuracy": 0.55625}