{"DURATION": 0.040129, "package-0": 32.67195793565751, "dram": 5.525380647412097}