{"DURATION": 0.181694, "package-0": 22.29883760608496, "dram": 5.4364370865301}