{"DURATION": 0.158643, "package-0": 25.91822519745592, "dram": 5.9007646098472675}