{"DURATION": 0.05612, "package-0": 29.50931931575196, "dram": 6.368104062722736}