{"DURATION": 0.155578, "package-0": 26.846250755248175, "dram": 6.130211212382213}