{"DURATION": 63.341795, "package-0": 41.788274787602724, "dram": 6.4258780478197695}