{"repeats": 2, "start": 1618927377.896817, "name": "grid_nodes6_states2_nsamples50000", "cl_name": "Grid6", "graph_type": "grid", "states": 2, "vertices": 36, "seed": 876, "predict_samples": 50, "config_id": "MRF_Belief_Propagation_gpu", "uses_gpu": true, "predict_iters": 50, "train_iters": 50, "train_lbp_iters": 5, "modeltype": "MRF", "inferencetype": "BP", "TRAIN_MEMORY_PRE": [1048502272, 1048834048], "TRAIN_MEMORY_ENC": [[1048502272, 1, 1049845760, 1, 1052815360, 81, 1057652736, 3, 1137541120, 1, 1155387392, 1, 1144987648, 1, 1147633664, 4], [1048834048, 1, 1050177536, 1, 1053401088, 81, 1058238464, 4, 1138188288, 1, 1155764224, 1, 1145638912, 1, 1148223488, 4]], "APPLY_MEMORY_PRE": [1048944640, 1048752128], "APPLY_MEMORY_ENC": [[1048944640, 1, 1053040640, 77, 1058004992, 4, 1136390144, 1, 1155047424, 1, 1145475072, 1, 1148125184, 3], [1048752128, 1, 1052815360, 78, 1057779712, 4, 1137848320, 1, 1150078976, 1, 1145380864, 1, 1147969536, 3]], "APPLY_MEMORY_Accuracy": [0.5861111111111111, 0.6083333333333333], "TRAIN_ENERGY_DURATION": [0.872135, 0.872613], "TRAIN_ENERGY_package-0": [34.43898593681024, 34.4703425229741], "TRAIN_ENERGY_dram": [6.016144289588194, 5.975537838652415], "APPLY_ENERGY_DURATION": [0.840164, 0.838393], "APPLY_ENERGY_package-0": [34.34807966063769, 33.69234356679981], "APPLY_ENERGY_dram": [6.019648544807918, 5.924967169334667], "APPLY_ENERGY_Accuracy": [0.575, 0.5416666666666666], "TRAIN_RUNTIME_WCT": [0.8681485652923584, 0.8711726665496826], "APPLY_RUNTIME_WCT": [0.8497154712677002, 0.8296322822570801], "APPLY_RUNTIME_Accuracy": [0.6055555555555555, 0.5805555555555556], "TRAIN_GPU_temperature": [[31, 32, 32], [31, 31, 32]], "TRAIN_GPU_util.gpu": [[0, 0, 6], [0, 0, 6]], "TRAIN_GPU_util.memory": [[0, 0, 0], [0, 0, 0]], "TRAIN_GPU_power.draw": [[19.306, 19.306, 28.015], [19.402, 19.402, 27.439]], "TRAIN_GPU_memory.used": [[131072, 131072, 127926272], [131072, 131072, 127926272]], "TRAIN_GPU_timestamp": [[1618934611968.7222, 1618934611972.328, 1618934612071.316], [1618934650553.531, 1618934650556.665, 1618934650656.162]], "APPLY_GPU_temperature": [[31, 31, 32], [31, 31, 32]], "APPLY_GPU_util.gpu": [[0, 0, 6], [0, 0, 6]], "APPLY_GPU_util.memory": [[0, 0, 0], [0, 0, 0]], "APPLY_GPU_power.draw": [[19.416, 19.416, 26.665], [19.763, 19.763, 28.428]], "APPLY_GPU_memory.used": [[131072, 131072, 127926272], [131072, 131072, 127926272]], "APPLY_GPU_timestamp": [[1618934616795.161, 1618934616798.21, 1618934616897.711], [1618934655432.8562, 1618934655436.499, 1618934655535.44]], "APPLY_GPU_Accuracy": [0.6222222222222222, 0.5833333333333334]}