{"DURATION": 2.221253, "package-0": 41.90162129212656, "dram": 6.431501499378954}