{"WCT": 1.0680084228515625, "Accuracy": 0.51875}