{"x_train_bytes": 1200000, "x_test_bytes": 400000, "x_train_shape": [37500, 16], "x_test_shape": [12500, 16], "repeats": 5, "start": 1615058724.291485, "predict_iters": 50, "train_iters": 50, "predict_samples": 50, "train_lbp_iters": 5, "modeltype": "MRF", "inferencetype": "JT", "graph_type": "grid", "states": 2, "vertices": 16, "config_id": "MRF_Junction_Tree_CPU", "TRAIN_MEMORY_PRE": [112369664, 112603136, 112832512, 112173056, 112410624], "TRAIN_MEMORY_ENC": [[112369664, 1, 115261440, 4], [112603136, 1, 115494912, 3], [112832512, 1, 115724288, 3], [112173056, 1, 115060736, 3], [112410624, 1, 115302400, 4]], "APPLY_MEMORY_PRE": [112746496, 112435200, 112345088, 112685056, 112799744], "APPLY_MEMORY_ENC": [[112746496, 1, 115638272, 1], [112435200, 1, 116424704, 1], [112345088, 1, 115236864, 1], [112685056, 1, 115572736, 1], [112799744, 1, 115908608, 1]], "TRAIN_ENERGY_DURATION": [0.040771, 0.034681, 0.039164, 0.039535, 0.037146], "TRAIN_ENERGY_package-0": [21.658875180888376, 24.283065655546267, 22.73927586559085, 22.365372454786897, 22.275642061056374], "TRAIN_ENERGY_dram": [5.780603860587182, 6.5009947810040085, 5.522061076498826, 5.484937397242949, 6.088138695956496], "APPLY_ENERGY_DURATION": [0.019049, 0.018953, 0.010967, 0.013676, 0.014164], "APPLY_ENERGY_package-0": [17.27969972177017, 18.136917638368597, 26.045773684690438, 20.547309154723603, 20.856325896639365], "APPLY_ENERGY_dram": [4.44726757310095, 4.446420091806046, 6.478800036473056, 4.882275519157648, 4.948460886755154], "TRAIN_RUNTIME_WCT": [0.038654327392578125, 0.03922891616821289, 0.03916168212890625, 0.03870511054992676, 0.03904080390930176], "APPLY_RUNTIME_WCT": [0.012570858001708984, 0.01107025146484375, 0.018937110900878906, 0.01543283462524414, 0.01386880874633789], "name": "grid_nodes4_states2_nsamples50000"}