{"DURATION": 0.181832, "package-0": 26.027618900963528, "dram": 6.055903251352897}