{"DURATION": 0.369859, "package-0": 35.1378768665897, "dram": 6.299589843697192}