{"repeats": 2, "start": 1618927455.9151075, "name": "grid_nodes7_states2_nsamples50000", "cl_name": "Grid7", "graph_type": "grid", "states": 2, "vertices": 49, "seed": 876, "predict_samples": 50, "config_id": "MRF_Belief_Propagation_gpu", "uses_gpu": true, "predict_iters": 50, "train_iters": 50, "train_lbp_iters": 5, "modeltype": "MRF", "inferencetype": "BP", "TRAIN_MEMORY_PRE": [1052475392, 1052368896], "TRAIN_MEMORY_ENC": [[1052475392, 1, 1053818880, 2, 1056944128, 79, 1061908480, 4, 1141977088, 1, 1159348224, 1, 1149644800, 6], [1052368896, 1, 1053712384, 2, 1056788480, 80, 1061625856, 4, 1141575680, 1, 1153208320, 1, 1149161472, 5]], "APPLY_MEMORY_PRE": [1048432640, 1048784896], "APPLY_MEMORY_ENC": [[1048432640, 1, 1052364800, 79, 1057267712, 4, 1137520640, 1, 1153331200, 1, 1145626624, 1, 1150365696, 4], [1048784896, 1, 1053024256, 77, 1057861632, 4, 1137811456, 1, 1150255104, 1, 1146322944, 1, 1150529536, 5]], "APPLY_MEMORY_Accuracy": [0.5897959183673469, 0.5673469387755102], "TRAIN_ENERGY_DURATION": [0.894501, 0.897616], "TRAIN_ENERGY_package-0": [34.214633633724276, 33.989891000160426], "TRAIN_ENERGY_dram": [5.9206742083016115, 5.981023065542503], "APPLY_ENERGY_DURATION": [0.858502, 0.854597], "APPLY_ENERGY_package-0": [34.094419116088254, 33.84933249239115], "APPLY_ENERGY_dram": [5.9459919720629655, 6.008538527516478], "APPLY_ENERGY_Accuracy": [0.5571428571428572, 0.5204081632653061], "TRAIN_RUNTIME_WCT": [0.8935799598693848, 0.8875367641448975], "APPLY_RUNTIME_WCT": [0.8786118030548096, 0.8695909976959229], "APPLY_RUNTIME_Accuracy": [0.5693877551020409, 0.5755102040816327], "TRAIN_GPU_temperature": [[31, 31, 32], [32, 32, 32]], "TRAIN_GPU_util.gpu": [[0, 0, 6], [0, 0, 6]], "TRAIN_GPU_util.memory": [[0, 0, 0], [0, 0, 0]], "TRAIN_GPU_power.draw": [[19.621, 19.621, 27.722], [19.468, 19.468, 28.527]], "TRAIN_GPU_memory.used": [[131072, 131072, 127926272], [131072, 131072, 127926272]], "TRAIN_GPU_timestamp": [[1618934690209.407, 1618934690213.184, 1618934690312.011], [1618934729624.803, 1618934729629.355, 1618934729727.466]], "APPLY_GPU_temperature": [[32, 32, 32], [32, 32, 32]], "APPLY_GPU_util.gpu": [[0, 0, 6], [0, 0, 6]], "APPLY_GPU_util.memory": [[0, 0, 0], [0, 0, 0]], "APPLY_GPU_power.draw": [[19.256, 19.256, 29.688], [19.37, 19.37, 28.36]], "APPLY_GPU_memory.used": [[131072, 131072, 127926272], [131072, 131072, 127926272]], "APPLY_GPU_timestamp": [[1618934695099.9119, 1618934695103.628, 1618934695202.521], [1618934734588.999, 1618934734593.172, 1618934734691.7341]], "APPLY_GPU_Accuracy": [0.5653061224489796, 0.5469387755102041]}