{"WCT": 0.8497154712677002, "Accuracy": 0.6055555555555555}