{"DURATION": 1.076481, "package-0": 36.32613302046204, "dram": 6.133368819328906}