{"WCT": 3.5644235610961914, "Accuracy": 0.5395061728395062}