{"DURATION": 0.2665, "package-0": 33.0008105065666, "dram": 6.232870544090056}