{"DURATION": 0.233688, "package-0": 38.396823970422105, "dram": 6.432093218308172}