{"DURATION": 1120.498563, "package-0": 41.90442293231214, "dram": 6.439439391766538}