{"repeats": 2, "start": 1618849818.6146502, "name": "grid_nodes9_states2_nsamples50000", "cl_name": "Grid9", "graph_type": "grid", "states": 2, "vertices": 81, "seed": 876, "predict_samples": 50, "config_id": "MRF_Belief_Propagation_cpu", "uses_gpu": false, "predict_iters": 50, "train_iters": 50, "train_lbp_iters": 5, "modeltype": "MRF", "inferencetype": "BP", "TRAIN_MEMORY_PRE": [1056935936, 1062985728], "TRAIN_MEMORY_ENC": [[1056935936, 1, 1058279424, 7], [1062985728, 1, 1064329216, 7]], "APPLY_MEMORY_PRE": [1063120896, 1057124352], "APPLY_MEMORY_ENC": [[1063120896, 1, 1064464384, 1], [1057124352, 1, 1058467840, 1]], "APPLY_MEMORY_Accuracy": [0.5691358024691358, 0.5506172839506173], "TRAIN_ENERGY_DURATION": [0.077404, 0.077802], "TRAIN_ENERGY_package-0": [44.186592424164125, 43.91347266137117], "TRAIN_ENERGY_dram": [6.3904836959330265, 6.404398344515566], "APPLY_ENERGY_DURATION": [0.012456, 0.016481], "APPLY_ENERGY_package-0": [43.61038856775851, 34.9152357259875], "APPLY_ENERGY_dram": [6.222703917790622, 5.191311206844245], "APPLY_ENERGY_Accuracy": [0.582716049382716, 0.5691358024691358], "TRAIN_RUNTIME_WCT": [0.07617378234863281, 0.0769801139831543], "APPLY_RUNTIME_WCT": [0.01818227767944336, 0.017247438430786133], "APPLY_RUNTIME_Accuracy": [0.5765432098765432, 0.562962962962963]}