{"DURATION": 0.089723, "package-0": 31.368835192759942, "dram": 6.5022903826220695}