{"WCT": 0.01818227767944336, "Accuracy": 0.5765432098765432}