{"DURATION": 1.455332, "package-0": 40.39293233434021, "dram": 6.324607031247852}