{"WCT": 0.40758299827575684, "Accuracy": 0.5306122448979592}