{"WCT": 0.005941152572631836, "Accuracy": 0.6666666666666666}