{"DURATION": 0.855348, "package-0": 33.3752016723018, "dram": 5.964357197304489}