{"WCT": 0.01949000358581543, "Accuracy": 0.5743801652892562}