{"DURATION": 0.00835, "package-0": 19.677485029940122, "dram": 4.425029940119761}