{"DURATION": 3.027846, "package-0": 40.11558084526096, "dram": 6.364643710413278}