{"DURATION": 0.016034, "package-0": 18.157477859548457, "dram": 4.858862417363103}