{"DURATION": 0.194322, "package-0": 22.29551466123239, "dram": 5.525329092948817}