{"DURATION": 0.481261, "package-0": 37.949902443788304, "dram": 6.317443133767332}