{"DURATION": 0.032919, "package-0": 32.826786961936875, "dram": 6.501746711625506}