{"DURATION": 0.872135, "package-0": 34.43898593681024, "dram": 6.016144289588194}