{"DURATION": 0.005265, "package-0": 41.22317188983856, "dram": 6.268186134852801}