{"DURATION": 0.004517, "package-0": 15.363515607704228, "dram": 4.115563427053353}