{"DURATION": 0.043884, "package-0": 37.016817063166535, "dram": 5.68432686172637}