{"WCT": 0.007712841033935547, "Accuracy": 0.56875}