{"DURATION": 129.484461, "package-0": 40.989777205776065, "dram": 6.477476961501967, "Accuracy": 0.5502222222222222}