{"x_train_bytes": 4800000, "x_test_bytes": 1600000, "x_train_shape": [37500, 64], "x_test_shape": [12500, 64], "repeats": 5, "start": 1614956321.5264006, "predict_iters": 50, "train_iters": 50, "predict_samples": 50, "train_lbp_iters": 5, "modeltype": "MRF", "inferencetype": "BP", "graph_type": "grid", "states": 2, "vertices": 64, "config_id": "MRF_Belief_Propagation_CPU", "TRAIN_MEMORY_PRE": [122474496, 122839040, 122609664, 122572800, 122695680], "TRAIN_MEMORY_ENC": [[122474496, 1, 125042688, 11], [122839040, 1, 125513728, 11], [122609664, 1, 125325312, 11], [122572800, 1, 125292544, 11], [122695680, 1, 125370368, 11]], "APPLY_MEMORY_PRE": [122417152, 122400768, 122867712, 122949632, 122200064], "APPLY_MEMORY_ENC": [[122417152, 1, 125353984, 1], [122400768, 1, 125022208, 1], [122867712, 1, 125403136, 1], [122949632, 1, 125546496, 1], [122200064, 1, 124932096, 1]], "TRAIN_ENERGY_DURATION": [0.072443, 0.071854, 0.070832, 0.072143, 0.071251], "TRAIN_ENERGY_package-0": [30.17417831950637, 29.99255434631336, 30.97851253670657, 30.133831418155605, 30.13159113556301], "TRAIN_ENERGY_dram": [6.301795894703423, 6.089208673142761, 6.443189518861531, 6.315484523793023, 6.21954779582041], "APPLY_ENERGY_DURATION": [0.013161, 0.012387, 0.012002, 0.014984, 0.015586], "APPLY_ENERGY_package-0": [26.01208114884887, 27.696536691692906, 26.255874020996497, 20.52562733582488, 20.230142435519056], "APPLY_ENERGY_dram": [6.4473064356811784, 6.263582788407201, 5.95709048491918, 5.886545648691938, 5.743616065699988], "TRAIN_RUNTIME_WCT": [0.07062959671020508, 0.0722055435180664, 0.07152557373046875, 0.07005643844604492, 0.07132768630981445], "APPLY_RUNTIME_WCT": [0.014270544052124023, 0.013427972793579102, 0.014629602432250977, 0.011031866073608398, 0.014589548110961914], "name": "grid_nodes8_states2_nsamples50000"}