{"DURATION": 0.280333, "package-0": 32.22281714960422, "dram": 6.262384378578333}