{"DURATION": 99.42358, "package-0": 45.51082299591304, "dram": 6.696282320552127}