{"WCT": 0.017141103744506836, "Accuracy": 0.590625}