{"DURATION": 1119.431522, "package-0": 41.6833649972919, "dram": 6.418181540183571}