{"DURATION": 9.25197, "package-0": 43.49311335856039, "dram": 6.40301460121466}