{"DURATION": 1.008469, "package-0": 35.82764765203492, "dram": 6.02284750448452}