{"DURATION": 0.016239, "package-0": 40.513332101730406, "dram": 6.410554837120512}