{"WCT": 0.02969193458557129, "Accuracy": 0.5612244897959183}