{"WCT": 129.44793701171875, "Accuracy": 0.5355555555555556}