{"DURATION": 0.042804, "package-0": 25.523946360153257, "dram": 5.898887954396785}