{"WCT": 0.8296322822570801, "Accuracy": 0.5805555555555556}