{"DURATION": 0.864242, "package-0": 34.14686511416941, "dram": 5.984289122722571, "Accuracy": 0.603125}