{"DURATION": 0.168415, "package-0": 23.6341002879791, "dram": 5.51895614998664}