{"DURATION": 0.821755, "package-0": 33.3031073738523, "dram": 5.916608964959142, "Accuracy": 0.625}