{"DURATION": 0.044185, "package-0": 24.512074233337106, "dram": 5.904628267511599}