{"DURATION": 14.229889, "package-0": 43.889122466099344, "dram": 6.450255093346125}