{"DURATION": 0.090911, "package-0": 31.2469448141589, "dram": 6.385838897383155}