{"WCT": 1.71256422996521, "Accuracy": 0.5755102040816327}