{"WCT": 0.017612934112548828, "Accuracy": 0.5834710743801653}