{"DURATION": 0.960438, "package-0": 34.892603166471964, "dram": 5.981930119383032, "Accuracy": 0.5333333333333333}