{"DURATION": 1.614181, "package-0": 39.848512651307374, "dram": 6.356949437516611}