{"DURATION": 4.250841, "package-0": 41.29050863111558, "dram": 6.286584466462048}