{"DURATION": 0.166668, "package-0": 27.160480716154268, "dram": 6.020015839873281}