{"DURATION": 0.003524, "package-0": 24.0400113507378, "dram": 4.17650397275823, "Accuracy": 0.525}