{"DURATION": 0.134192, "package-0": 33.70497496124955, "dram": 6.415211040896626}