{"repeats": 2, "start": 1618927222.2395399, "name": "grid_nodes4_states2_nsamples50000", "cl_name": "Grid4", "graph_type": "grid", "states": 2, "vertices": 16, "seed": 876, "predict_samples": 50, "config_id": "MRF_Belief_Propagation_gpu", "uses_gpu": true, "predict_iters": 50, "train_iters": 50, "train_lbp_iters": 5, "modeltype": "MRF", "inferencetype": "BP", "TRAIN_MEMORY_PRE": [1048829952, 1048711168], "TRAIN_MEMORY_ENC": [[1048829952, 1, 1050173440, 1, 1053458432, 79, 1058295808, 4, 1133858816, 1, 1156096000, 1, 1144791040, 4], [1048711168, 1, 1053253632, 80, 1058217984, 4, 1136664576, 1, 1158361088, 1, 1144913920, 4]], "APPLY_MEMORY_PRE": [1048793088, 1048838144], "APPLY_MEMORY_ENC": [[1048793088, 1, 1052827648, 78, 1057730560, 3, 1137676288, 1, 1158230016, 1, 1144225792, 3], [1048838144, 1, 1052794880, 79, 1057759232, 3, 1137766400, 1, 1156489216, 1, 1144389632, 3]], "APPLY_MEMORY_Accuracy": [0.6125, 0.55], "TRAIN_ENERGY_DURATION": [0.855348, 0.856383], "TRAIN_ENERGY_package-0": [33.3752016723018, 33.54889225965485], "TRAIN_ENERGY_dram": [5.964357197304489, 5.932172871250364], "APPLY_ENERGY_DURATION": [0.832127, 0.83066], "APPLY_ENERGY_package-0": [33.82289842776403, 34.05148436183276], "APPLY_ENERGY_dram": [5.953126145408094, 6.033614234464161], "APPLY_ENERGY_Accuracy": [0.53125, 0.55625], "TRAIN_RUNTIME_WCT": [0.8432133197784424, 0.857954740524292], "APPLY_RUNTIME_WCT": [0.8305885791778564, 0.830026388168335], "APPLY_RUNTIME_Accuracy": [0.56875, 0.55], "TRAIN_GPU_temperature": [[32, 32, 32], [32, 32, 32]], "TRAIN_GPU_util.gpu": [[0, 0, 6], [0, 0, 6]], "TRAIN_GPU_util.memory": [[0, 0, 0], [0, 0, 0]], "TRAIN_GPU_power.draw": [[19.67, 19.67, 29.174], [19.547, 19.547, 29.804]], "TRAIN_GPU_memory.used": [[131072, 131072, 123731968], [131072, 131072, 127926272]], "TRAIN_GPU_timestamp": [[1618934455161.685, 1618934455166.1638, 1618934455266.4722], [1618934494230.9639, 1618934494235.0718, 1618934494333.257]], "APPLY_GPU_temperature": [[31, 31, 32], [32, 32, 32]], "APPLY_GPU_util.gpu": [[0, 0, 6], [0, 0, 6]], "APPLY_GPU_util.memory": [[0, 0, 0], [0, 0, 0]], "APPLY_GPU_power.draw": [[19.424, 19.424, 26.791], [19.577, 19.577, 29.748]], "APPLY_GPU_memory.used": [[131072, 131072, 127926272], [131072, 131072, 127926272]], "APPLY_GPU_timestamp": [[1618934459948.075, 1618934459952.12, 1618934460050.653], [1618934499134.855, 1618934499139.2368, 1618934499237.114]], "APPLY_GPU_Accuracy": [0.58125, 0.54375]}