{"DURATION": 6.858669, "package-0": 41.24236728729729, "dram": 6.382326366821318, "Accuracy": 0.552892561983471}