{"DURATION": 0.035799, "package-0": 31.505516913880278, "dram": 5.552613201486076}