{"DURATION": 0.369615, "package-0": 35.87245918049862, "dram": 6.291249002340273}