{"DURATION": 0.95301, "package-0": 41.66475692804902, "dram": 6.426992371538598}