{"DURATION": 4.272953, "package-0": 40.51915829638192, "dram": 6.359438074792772, "Accuracy": 0.555}