{"DURATION": 1.022463, "package-0": 35.71867637264136, "dram": 6.073100933725719, "Accuracy": 0.5551020408163265}