{"DURATION": 0.040757, "package-0": 29.71705473906323, "dram": 6.333292440562357}