{"DURATION": 1.080875, "package-0": 36.21634971666474, "dram": 6.072452411240893}