{"DURATION": 0.31313, "package-0": 33.104467792929455, "dram": 6.220799667869574}