{"x_train_bytes": 3675000, "x_test_bytes": 1225000, "x_train_shape": [37500, 49], "x_test_shape": [12500, 49], "repeats": 5, "start": 1615058046.2897944, "predict_iters": 50, "train_iters": 50, "predict_samples": 50, "train_lbp_iters": 5, "modeltype": "MRF", "inferencetype": "JT", "graph_type": "grid", "states": 2, "vertices": 49, "config_id": "MRF_Junction_Tree_CPU", "TRAIN_MEMORY_PRE": [119554048, 119709696, 119250944, 118910976, 119209984], "TRAIN_MEMORY_ENC": [[119554048, 1, 122224640, 1, 122834944, 232], [119709696, 1, 122388480, 1, 122990592, 232], [119250944, 1, 121913344, 1, 122466304, 231], [118910976, 1, 121589760, 1, 122355712, 234], [119209984, 1, 121892864, 1, 122548224, 234]], "APPLY_MEMORY_PRE": [119697408, 119042048, 119693312, 119332864, 119713792], "APPLY_MEMORY_ENC": [[119697408, 1, 122912768, 95], [119042048, 1, 122396672, 95], [119693312, 1, 122974208, 95], [119332864, 1, 122613760, 95], [119713792, 1, 122880000, 95]], "TRAIN_ENERGY_DURATION": [0.954202, 0.954111, 0.956252, 0.954936, 0.954868], "TRAIN_ENERGY_package-0": [39.2261952919822, 39.335488218876, 39.232992976746715, 39.29818019218042, 40.132576439884886], "TRAIN_ENERGY_dram": [6.425393155746896, 6.425477748396151, 6.4018428196751485, 6.407621034289209, 6.422160968845955], "APPLY_ENERGY_DURATION": [0.400753, 0.403003, 0.403595, 0.404377, 0.401648], "APPLY_ENERGY_package-0": [37.707999690582476, 37.378585271077384, 37.39513869101451, 37.35089532787473, 37.77791250049795], "APPLY_ENERGY_dram": [6.430801516145856, 6.43062210455009, 6.402727982259444, 6.416413396409786, 6.4413093056606785], "TRAIN_RUNTIME_WCT": [0.953812837600708, 0.95334792137146, 0.9535598754882812, 0.9530634880065918, 0.9527390003204346], "APPLY_RUNTIME_WCT": [0.4039924144744873, 0.4005916118621826, 0.4022254943847656, 0.4038240909576416, 0.4008035659790039], "name": "grid_nodes7_states2_nsamples50000"}