{"DURATION": 493.091158, "package-0": 40.951974979441836, "dram": 6.448105394743258}