{"DURATION": 2.82921, "package-0": 41.890740524740124, "dram": 6.427718691790288}