{"DURATION": 3.229945, "package-0": 40.61177450390022, "dram": 6.235585745268109}