{"DURATION": 0.241094, "package-0": 30.190925531120644, "dram": 5.985744149584809}