{"DURATION": 0.266634, "package-0": 28.393681976042068, "dram": 5.868460136366705}