{"DURATION": 0.182923, "package-0": 36.78456509022922, "dram": 6.480059915920906}