{"DURATION": 0.280506, "package-0": 33.887082629248575, "dram": 6.194701717610319}