{"DURATION": 0.004377, "package-0": 40.66209732693626, "dram": 6.019419693854238, "Accuracy": 0.592}