{"DURATION": 0.055582, "package-0": 29.527005145550717, "dram": 6.409629016588105}