{"DURATION": 0.382022, "package-0": 36.49634837784212, "dram": 6.262505824271901}