{"DURATION": 1.215213, "package-0": 36.16405601322566, "dram": 5.980949018813985, "Accuracy": 0.56}