{"DURATION": 0.009396, "package-0": 16.064282673478075, "dram": 4.3428054491272885}