{"DURATION": 0.02098, "package-0": 30.732745471877983, "dram": 6.112726406101049}