{"DURATION": 0.213239, "package-0": 30.60179423088647, "dram": 6.163365988397994}