{"DURATION": 0.015238, "package-0": 27.833902086888042, "dram": 6.35778973618585}