{"repeats": 2, "start": 1618849587.5873675, "name": "grid_nodes4_states2_nsamples50000", "cl_name": "Grid4", "graph_type": "grid", "states": 2, "vertices": 16, "seed": 876, "predict_samples": 50, "config_id": "MRF_Belief_Propagation_cpu", "uses_gpu": false, "predict_iters": 50, "train_iters": 50, "train_lbp_iters": 5, "modeltype": "MRF", "inferencetype": "BP", "TRAIN_MEMORY_PRE": [1048813568, 1048686592], "TRAIN_MEMORY_ENC": [[1048813568, 1, 1050157056, 1], [1048686592, 1, 1050030080, 1]], "APPLY_MEMORY_PRE": [1048903680, 1048682496], "APPLY_MEMORY_ENC": [[1048903680, 1], [1048682496, 1]], "APPLY_MEMORY_Accuracy": [0.6375, 0.5625], "TRAIN_ENERGY_DURATION": [0.016239, 0.024109], "TRAIN_ENERGY_package-0": [40.513332101730406, 30.409888423410347], "TRAIN_ENERGY_dram": [6.410554837120512, 4.889709237214319], "APPLY_ENERGY_DURATION": [0.003401, 0.003271], "APPLY_ENERGY_package-0": [50.12378712143487, 40.64047691837359], "APPLY_ENERGY_dram": [7.8094678035871805, 6.015285845307245], "APPLY_ENERGY_Accuracy": [0.54375, 0.6375], "TRAIN_RUNTIME_WCT": [0.02711963653564453, 0.02718639373779297], "APPLY_RUNTIME_WCT": [0.0029611587524414062, 0.007712841033935547], "APPLY_RUNTIME_Accuracy": [0.6125, 0.56875]}