{"repeats": 2, "start": 1618890593.539257, "name": "grid_nodes3_states2_nsamples50000", "cl_name": "Grid3", "graph_type": "grid", "states": 2, "vertices": 9, "seed": 876, "predict_samples": 50, "config_id": "MRF_Junction_Tree_cpu", "uses_gpu": false, "predict_iters": 50, "train_iters": 50, "train_lbp_iters": 5, "modeltype": "MRF", "inferencetype": "JT", "TRAIN_MEMORY_PRE": [1048739840, 1048616960], "TRAIN_MEMORY_ENC": [[1048739840, 1, 1050083328, 1], [1048616960, 1, 1049960448, 1]], "APPLY_MEMORY_PRE": [1048932352, 1048719360], "APPLY_MEMORY_ENC": [[1048932352, 1], [1048719360, 1]], "APPLY_MEMORY_Accuracy": [0.6, 0.4888888888888889], "TRAIN_ENERGY_DURATION": [0.010594, 0.010455], "TRAIN_ENERGY_package-0": [42.16679252407023, 38.95619320899091], "TRAIN_ENERGY_dram": [6.747404191051539, 6.190243902439024], "APPLY_ENERGY_DURATION": [0.008854, 0.008975], "APPLY_ENERGY_package-0": [27.49130336571041, 25.01927576601671], "APPLY_ENERGY_dram": [4.617348091258188, 4.060612813370473], "APPLY_ENERGY_Accuracy": [0.4444444444444444, 0.4888888888888889], "TRAIN_RUNTIME_WCT": [0.020376920700073242, 0.010097265243530273], "APPLY_RUNTIME_WCT": [0.006052494049072266, 0.0028650760650634766], "APPLY_RUNTIME_Accuracy": [0.6, 0.5555555555555556]}