{"DURATION": 1.812481, "package-0": 37.25460515172297, "dram": 6.020463111061578, "Accuracy": 0.5469387755102041}