{"DURATION": 0.584787, "package-0": 35.072214327609885, "dram": 6.160453293250363}