{"DURATION": 0.029631, "package-0": 44.89409739799534, "dram": 6.320677668657825, "Accuracy": 0.5678571428571428}