{"DURATION": 0.462963, "package-0": 36.15314182774865, "dram": 6.289463736842901}