{"DURATION": 9.276987, "package-0": 42.95333775933932, "dram": 6.386293631757811}