{"DURATION": 2.840926, "package-0": 41.33696055441078, "dram": 6.461642084306314}