{"repeats": 2, "start": 1618852226.409573, "name": "grid_nodes13_states2_nsamples50000", "cl_name": "Grid13", "graph_type": "grid", "states": 2, "vertices": 169, "seed": 876, "predict_samples": 50, "config_id": "MRF_Junction_Tree_cpu", "uses_gpu": false, "predict_iters": 50, "train_iters": 50, "train_lbp_iters": 5, "modeltype": "MRF", "inferencetype": "JT", "TRAIN_MEMORY_PRE": [1078173696, 1078312960], "TRAIN_MEMORY_ENC": [[1078173696, 1, 1079517184, 10, 1080766464, 3, 1096814592, 1, 1109790720, 6491, 1110061056, 309, 1110069248, 6369, 1110335488, 1386, 1110392832, 6552, 1110659072, 1512, 1110732800, 6552, 1110999040, 1512, 1111048192, 6174, 1111314432, 1890, 1111375872, 6393, 1111642112, 1671, 1111724032, 2201], [1078312960, 1, 1079656448, 12, 1096622080, 1, 1109598208, 399, 1109868544, 6219, 1110138880, 183, 1110147072, 6495, 1110413312, 1386, 1110470656, 6552, 1110736896, 1512, 1110810624, 6552, 1111076864, 1512, 1111126016, 6174, 1111392256, 1890, 1111453696, 6267, 1111719936, 1797, 1111801856, 1920]], "APPLY_MEMORY_PRE": [1078255616, 1078370304], "APPLY_MEMORY_ENC": [[1078255616, 1, 1080651776, 1, 1098739712, 1, 1109282816, 5499, 1109544960, 550, 1109553152, 6254, 1109819392, 1260, 1109872640, 303, 1109884928, 6249, 1110151168, 1478], [1078370304, 1, 1080766464, 1, 1091076096, 1, 1109729280, 5499, 1109991424, 550, 1109999616, 6254, 1110265856, 1260, 1110319104, 303, 1110331392, 6249, 1110597632, 1323]], "APPLY_MEMORY_Accuracy": [0.5538461538461539, 0.5603550295857989], "TRAIN_ENERGY_DURATION": [437.60944, 437.402368], "TRAIN_ENERGY_package-0": [41.79481864468006, 42.35009715128017], "TRAIN_ENERGY_dram": [6.409087891248415, 6.419112358349189], "APPLY_ENERGY_DURATION": [191.863918, 192.04514], "APPLY_ENERGY_package-0": [42.080393615228886, 42.03633925857223], "APPLY_ENERGY_dram": [6.424540241068151, 6.4081263238424055], "APPLY_ENERGY_Accuracy": [0.5757396449704142, 0.5603550295857989], "TRAIN_RUNTIME_WCT": [437.43739104270935, 437.6856298446655], "APPLY_RUNTIME_WCT": [192.46474146842957, 192.40830779075623], "APPLY_RUNTIME_Accuracy": [0.5650887573964497, 0.5550295857988166]}