{"DURATION": 0.455786, "package-0": 34.76048628084232, "dram": 6.190411728311092}