{"DURATION": 0.486018, "package-0": 38.96651564345353, "dram": 6.344291775201741}