{"DURATION": 0.008854, "package-0": 27.49130336571041, "dram": 4.617348091258188, "Accuracy": 0.4444444444444444}