{"WCT": 0.014379262924194336, "Accuracy": 0.5510204081632653}