{"DURATION": 0.021757, "package-0": 38.11564094314473, "dram": 6.11591671645907, "Accuracy": 0.5669421487603306}