{"DURATION": 0.957835, "package-0": 34.807795705941004, "dram": 6.033199872629419}