{"DURATION": 0.241225, "package-0": 32.418571872732926, "dram": 6.172581614675097}