{"DURATION": 0.968279, "package-0": 34.626752206750325, "dram": 5.984067608612807, "Accuracy": 0.5591715976331361}