{"DURATION": 0.373456, "package-0": 34.75890868000514, "dram": 6.298934814275309}