{"DURATION": 0.289535, "package-0": 33.762926761876805, "dram": 6.188274301897871}