{"DURATION": 0.370385, "package-0": 35.1410397289307, "dram": 6.3243111897080055}