{"DURATION": 1.22206, "package-0": 41.81751059686104, "dram": 6.424256583146491, "Accuracy": 0.575}