{"WCT": 0.8695909976959229, "Accuracy": 0.5755102040816327}