{"repeats": 2, "start": 1618890836.078154, "name": "grid_nodes8_states2_nsamples50000", "cl_name": "Grid8", "graph_type": "grid", "states": 2, "vertices": 64, "seed": 876, "predict_samples": 50, "config_id": "MRF_Junction_Tree_cpu", "uses_gpu": false, "predict_iters": 50, "train_iters": 50, "train_lbp_iters": 5, "modeltype": "MRF", "inferencetype": "JT", "TRAIN_MEMORY_PRE": [1053577216, 1053786112], "TRAIN_MEMORY_ENC": [[1053577216, 1, 1054920704, 307], [1053786112, 1, 1055129600, 312]], "APPLY_MEMORY_PRE": [1053933568, 1053995008], "APPLY_MEMORY_ENC": [[1053933568, 1, 1055277056, 132], [1053995008, 1, 1055338496, 131]], "APPLY_MEMORY_Accuracy": [0.55, 0.5359375], "TRAIN_ENERGY_DURATION": [2.830993, 2.82921], "TRAIN_ENERGY_package-0": [41.04254938108289, 41.890740524740124], "TRAIN_ENERGY_dram": [6.4456450439828, 6.427718691790288], "APPLY_ENERGY_DURATION": [1.22206, 1.224817], "APPLY_ENERGY_package-0": [41.81751059686104, 41.820752814502086], "APPLY_ENERGY_dram": [6.424256583146491, 6.3972046436324765], "APPLY_ENERGY_Accuracy": [0.575, 0.5515625], "TRAIN_RUNTIME_WCT": [2.839078903198242, 2.8303630352020264], "APPLY_RUNTIME_WCT": [1.220395803451538, 1.2185335159301758], "APPLY_RUNTIME_Accuracy": [0.596875, 0.5234375]}