{"DURATION": 0.8437, "package-0": 33.83879696574612, "dram": 5.939943107739717}