{"DURATION": 1.608807, "package-0": 39.94592141879044, "dram": 6.353732921351038}