{"DURATION": 0.239235, "package-0": 23.8402198674943, "dram": 5.566927916065793}