{"DURATION": 0.170611, "package-0": 26.844365251947412, "dram": 5.991542163166502}