{"DURATION": 0.973823, "package-0": 34.986118627307015, "dram": 5.99330063060741, "Accuracy": 0.5513888888888889}