{"DURATION": 0.056543, "package-0": 29.3500698583379, "dram": 6.051482942185593}