{"WCT": 0.017911672592163086, "Accuracy": 0.5734375}