{"DURATION": 0.010594, "package-0": 42.16679252407023, "dram": 6.747404191051539}