{"DURATION": 3.04479, "package-0": 39.82645075686665, "dram": 6.380133276843394}