{"DURATION": 0.196673, "package-0": 29.620156300051356, "dram": 6.108545657004266}