{"DURATION": 3.57141, "package-0": 41.703225336771744, "dram": 6.44994665972263}