{"DURATION": 0.104955, "package-0": 29.386127387928155, "dram": 6.427592777857177}