{"DURATION": 0.904927, "package-0": 34.47980002806856, "dram": 5.980754248685253}