{"DURATION": 0.442646, "package-0": 37.63121320423092, "dram": 6.324887155876254}