{"DURATION": 1123.704253, "package-0": 41.686447344967014, "dram": 6.438419391654647}