{"DURATION": 2.131891, "package-0": 39.070466548242855, "dram": 6.169896584769108, "Accuracy": 0.54375}