{"DURATION": 0.228279, "package-0": 24.500733751242997, "dram": 5.657029336907906}