{"DURATION": 0.817276, "package-0": 33.988076243521164, "dram": 5.911218486778028, "Accuracy": 0.475}