{"DURATION": 0.018809, "package-0": 27.66026902014993, "dram": 6.139029188154607}