{"DURATION": 0.897167, "package-0": 34.35583230323897, "dram": 6.0244514120559485, "Accuracy": 0.578}