{"DURATION": 0.76312, "package-0": 35.922127581507496, "dram": 6.186383530768424}