{"DURATION": 0.49762, "package-0": 37.11038744423456, "dram": 6.2910112133756675}