{"DURATION": 0.121575, "package-0": 43.06011104256631, "dram": 6.376853793954349}