{"WCT": 1.2185335159301758, "Accuracy": 0.5234375}