{"DURATION": 0.835178, "package-0": 33.71322520468691, "dram": 5.937936583578591, "Accuracy": 0.508}