{"DURATION": 0.396156, "package-0": 36.32740889952443, "dram": 6.259405385757126}