{"DURATION": 0.951103, "package-0": 41.72801683939594, "dram": 6.427395350451002}