{"WCT": 1.7194147109985352, "Accuracy": 0.5204081632653061}