{"x_train_bytes": 675000, "x_test_bytes": 225000, "x_train_shape": [37500, 9], "x_test_shape": [12500, 9], "repeats": 5, "start": 1614956647.7247531, "predict_iters": 50, "train_iters": 50, "predict_samples": 50, "train_lbp_iters": 5, "modeltype": "MRF", "inferencetype": "BP", "graph_type": "grid", "states": 2, "vertices": 9, "config_id": "MRF_Belief_Propagation_CPU", "TRAIN_MEMORY_PRE": [111562752, 111235072, 111333376, 111616000, 110870528], "TRAIN_MEMORY_ENC": [[111562752, 1, 114565120, 1], [111235072, 1, 114122752, 1], [111333376, 1, 114405376, 1], [111616000, 1, 114507776, 1], [110870528, 1, 113758208, 1]], "APPLY_MEMORY_PRE": [111058944, 111525888, 110968832, 111304704, 110993408], "APPLY_MEMORY_ENC": [[111058944, 1], [111525888, 1], [110968832, 1], [111304704, 1], [110993408, 1, 114319360, 1]], "TRAIN_ENERGY_DURATION": [0.020884, 0.018103, 0.019005, 0.016034, 0.017839], "TRAIN_ENERGY_package-0": [16.018626699865926, 17.650002761973155, 17.650565640620886, 18.157477859548457, 16.994282190705757], "TRAIN_ENERGY_dram": [4.5598065504692595, 4.230900955642711, 4.5163378058405685, 4.858862417363103, 4.7780705196479625], "APPLY_ENERGY_DURATION": [0.00597, 0.005406, 0.005579, 0.00604, 0.006575], "APPLY_ENERGY_package-0": [16.67470686767169, 18.8094709581946, 18.269940849614628, 16.18841059602649, 14.620532319391634], "APPLY_ENERGY_dram": [4.695142378559464, 5.2075471698113205, 5.095357590966123, 4.612748344370861, 4.909961977186311], "TRAIN_RUNTIME_WCT": [0.016689777374267578, 0.015047073364257812, 0.017244577407836914, 0.017199993133544922, 0.014546394348144531], "APPLY_RUNTIME_WCT": [0.003853321075439453, 0.004861354827880859, 0.00482630729675293, 0.0037889480590820312, 0.005069732666015625], "name": "grid_nodes3_states2_nsamples50000"}