{"DURATION": 0.110266, "package-0": 32.08287232691854, "dram": 6.480710282407995}