{"DURATION": 0.070832, "package-0": 30.97851253670657, "dram": 6.443189518861531}