{"repeats": 2, "start": 1618947918.9677827, "name": "grid_nodes9_states2_nsamples50000", "cl_name": "Grid9", "graph_type": "grid", "states": 2, "vertices": 81, "seed": 876, "predict_samples": 50, "config_id": "MRF_Junction_Tree_gpu", "uses_gpu": true, "predict_iters": 50, "train_iters": 50, "train_lbp_iters": 5, "modeltype": "MRF", "inferencetype": "JT", "TRAIN_MEMORY_PRE": [1057398784, 1057652736], "TRAIN_MEMORY_ENC": [[1057398784, 1, 1058742272, 8, 1061998592, 80, 1066835968, 3, 1067646976, 1, 1147658240, 1, 1157459968, 1, 1157607424, 2, 1160052736, 1, 1165430784, 1, 1168674816, 2, 1170628608, 239], [1057652736, 1, 1058996224, 7, 1062281216, 84, 1146945536, 1, 1156685824, 1, 1156816896, 1, 1158602752, 1, 1160339456, 1, 1163280384, 1, 1169227776, 1, 1171390464, 319, 1169911808, 1]], "APPLY_MEMORY_PRE": [1057013760, 1057189888], "APPLY_MEMORY_ENC": [[1057013760, 1, 1058357248, 2, 1061392384, 84, 1146118144, 1, 1155645440, 1, 1156075520, 1, 1157636096, 1, 1157906432, 1, 1161064448, 1, 1163497472, 1, 1167011840, 2, 1169027072, 186, 1169481728, 1], [1057189888, 1, 1058533376, 2, 1061445632, 84, 1146109952, 1, 1154088960, 1, 1172606976, 1, 1155997696, 1, 1160933376, 1, 1165799424, 1, 1166610432, 2, 1168953344, 185]], "APPLY_MEMORY_Accuracy": [0.5456790123456791, 0.5432098765432098], "TRAIN_ENERGY_DURATION": [4.207364, 4.250841], "TRAIN_ENERGY_package-0": [41.82045931847114, 41.29050863111558], "TRAIN_ENERGY_dram": [6.299599939534587, 6.286584466462048], "APPLY_ENERGY_DURATION": [2.760969, 2.762357], "APPLY_ENERGY_package-0": [40.26268386207886, 40.07123699072929], "APPLY_ENERGY_dram": [6.188368286641393, 6.281699287963141], "APPLY_ENERGY_Accuracy": [0.5580246913580247, 0.5333333333333333], "TRAIN_RUNTIME_WCT": [4.201736927032471, 4.219191074371338], "APPLY_RUNTIME_WCT": [2.782857894897461, 2.766951322555542], "APPLY_RUNTIME_Accuracy": [0.5518518518518518, 0.5728395061728395], "TRAIN_GPU_temperature": [[36, 36, 36, 36, 37, 37, 37, 37, 37, 37, 38, 38, 38, 38, 38, 38, 38, 38, 38, 38, 38, 38, 38, 38, 38, 38, 38, 38, 38, 38, 38, 38, 38, 38, 38, 38], [36, 36, 37, 37, 37, 37, 37, 38, 38, 38, 38, 38, 38, 38, 38, 38, 38, 38, 38, 38, 38, 38, 38, 38, 38, 38, 38, 38, 38, 38, 38, 38, 38, 38, 38, 38]], "TRAIN_GPU_util.gpu": [[0, 0, 6, 6, 35, 35, 78, 78, 75, 75, 75, 75, 75, 75, 75, 75, 75, 75, 75, 75, 75, 75, 75, 75, 75, 75, 75, 75, 75, 75, 76, 76, 75, 75, 75, 75], [0, 0, 6, 6, 32, 32, 77, 77, 75, 75, 75, 75, 75, 75, 76, 76, 75, 75, 75, 75, 75, 75, 75, 75, 76, 76, 75, 75, 75, 75, 75, 75, 76, 76, 75, 75]], "TRAIN_GPU_util.memory": [[0, 0, 0, 0, 0, 0, 0, 0, 0, 0, 0, 0, 0, 0, 0, 0, 0, 0, 0, 0, 0, 0, 0, 0, 0, 0, 0, 0, 0, 0, 0, 0, 0, 0, 0, 0], [0, 0, 0, 0, 0, 0, 0, 0, 0, 0, 0, 0, 0, 0, 0, 0, 0, 0, 0, 0, 0, 0, 0, 0, 0, 0, 0, 0, 0, 0, 0, 0, 0, 0, 0, 0]], "TRAIN_GPU_power.draw": [[19.95, 19.95, 29.572, 44.197, 47.491, 48.64, 48.885, 65.726, 66.981, 66.692, 66.822, 66.983, 66.859, 66.903, 66.679, 67.209, 67.304, 66.798, 66.622, 67.116, 67.182, 66.949, 66.819, 67.07, 67.376, 67.077, 66.884, 66.93, 67.107, 67.087, 66.9, 66.953, 67.374, 67.301, 66.803, 66.739], [20.065, 20.065, 30.449, 44.275, 47.665, 48.734, 49.34, 65.662, 66.757, 67.266, 67.205, 66.81, 66.92, 67.169, 66.993, 66.883, 66.931, 67.369, 67.674, 66.953, 67.013, 67.101, 67.012, 66.903, 66.905, 67.174, 67.44, 67.139, 66.823, 67.242, 67.25, 67.351, 67.07, 67.174, 67.596, 67.463]], "TRAIN_GPU_memory.used": [[131072, 131072, 125829120, 130023424, 130023424, 130023424, 130023424, 130023424, 130023424, 130023424, 130023424, 130023424, 130023424, 130023424, 130023424, 130023424, 130023424, 130023424, 130023424, 130023424, 130023424, 130023424, 130023424, 130023424, 130023424, 130023424, 130023424, 130023424, 130023424, 130023424, 130023424, 130023424, 130023424, 130023424, 130023424, 130023424], [131072, 131072, 123731968, 130023424, 130023424, 130023424, 130023424, 130023424, 130023424, 130023424, 130023424, 130023424, 130023424, 130023424, 130023424, 130023424, 130023424, 130023424, 130023424, 130023424, 130023424, 130023424, 130023424, 130023424, 130023424, 130023424, 130023424, 130023424, 130023424, 130023424, 130023424, 130023424, 130023424, 130023424, 130023424, 130023424]], "TRAIN_GPU_timestamp": [[1618955168467.64, 1618955168471.257, 1618955168570.281, 1618955168670.796, 1618955168771.221, 1618955168871.691, 1618955168972.145, 1618955169072.612, 1618955169173.0808, 1618955169273.592, 1618955169374.0261, 1618955169474.55, 1618955169574.9878, 1618955169675.4949, 1618955169775.94, 1618955169876.399, 1618955169976.87, 1618955170077.343, 1618955170177.818, 1618955170278.2878, 1618955170378.788, 1618955170479.254, 1618955170579.717, 1618955170680.181, 1618955170780.654, 1618955170881.122, 1618955170981.5928, 1618955171081.729, 1618955171182.201, 1618955171282.6682, 1618955171383.143, 1618955171483.613, 1618955171584.1392, 1618955171684.573, 1618955171785.0808, 1618955171885.511], [1618955228811.149, 1618955228815.032, 1618955228913.738, 1618955229014.239, 1618955229114.674, 1618955229215.147, 1618955229315.593, 1618955229416.08, 1618955229516.533, 1618955229617.053, 1618955229717.487, 1618955229818.177, 1618955229918.425, 1618955230018.915, 1618955230119.3909, 1618955230219.849, 1618955230320.333, 1618955230420.804, 1618955230521.269, 1618955230621.745, 1618955230722.2148, 1618955230822.703, 1618955230923.168, 1618955231023.651, 1618955231124.1218, 1618955231224.582, 1618955231325.055, 1618955231425.521, 1618955231525.998, 1618955231626.497, 1618955231726.968, 1618955231827.427, 1618955231927.94, 1618955232028.361, 1618955232128.8718, 1618955232229.315]], "APPLY_GPU_temperature": [[36, 36, 36, 37, 37, 37, 37, 37, 38, 38, 38, 38, 38, 38, 38, 38, 38, 38, 38, 38, 38, 38], [36, 36, 37, 37, 37, 37, 38, 38, 38, 38, 38, 38, 38, 38, 38, 38, 38, 38, 38, 38, 38, 38]], "APPLY_GPU_util.gpu": [[0, 0, 6, 6, 33, 33, 70, 70, 66, 66, 69, 69, 68, 68, 67, 67, 68, 68, 67, 67, 68, 68], [0, 0, 6, 6, 38, 38, 70, 70, 68, 68, 68, 68, 67, 67, 68, 68, 67, 67, 69, 69, 67, 67]], "APPLY_GPU_util.memory": [[0, 0, 0, 0, 0, 0, 0, 0, 0, 0, 0, 0, 0, 0, 0, 0, 0, 0, 0, 0, 0, 0], [0, 0, 0, 0, 0, 0, 0, 0, 0, 0, 0, 0, 0, 0, 0, 0, 0, 0, 0, 0, 0, 0]], "APPLY_GPU_power.draw": [[20.058, 20.058, 30.504, 44.22, 47.9, 48.222, 49.409, 64.932, 66.605, 67.399, 65.767, 67.138, 67.053, 66.473, 66.383, 66.569, 67.399, 65.793, 66.963, 67.217, 66.624, 66.665], [19.938, 19.938, 30.499, 44.448, 48.629, 48.747, 49.096, 66.276, 65.77, 66.697, 67.282, 66.314, 66.729, 66.758, 67.544, 66.003, 66.865, 67.197, 66.618, 66.597, 66.835, 67.63]], "APPLY_GPU_memory.used": [[131072, 131072, 123731968, 130023424, 130023424, 130023424, 130023424, 130023424, 130023424, 130023424, 130023424, 130023424, 130023424, 130023424, 130023424, 130023424, 130023424, 130023424, 130023424, 130023424, 130023424, 130023424], [131072, 131072, 127926272, 130023424, 130023424, 130023424, 130023424, 130023424, 130023424, 130023424, 130023424, 130023424, 130023424, 130023424, 130023424, 130023424, 130023424, 130023424, 130023424, 130023424, 130023424, 130023424]], "APPLY_GPU_timestamp": [[1618955176610.8, 1618955176614.738, 1618955176713.443, 1618955176813.921, 1618955176914.345, 1618955177014.845, 1618955177115.297, 1618955177215.76, 1618955177316.226, 1618955177416.7522, 1618955177517.172, 1618955177617.75, 1618955177718.1301, 1618955177818.8281, 1618955177919.082, 1618955178019.5378, 1618955178120.035, 1618955178220.489, 1618955178320.972, 1618955178421.44, 1618955178521.914, 1618955178622.384], [1618955237018.362, 1618955237021.888, 1618955237121.024, 1618955237221.493, 1618955237321.934, 1618955237422.3918, 1618955237522.861, 1618955237623.359, 1618955237723.814, 1618955237824.3289, 1618955237924.7651, 1618955238024.995, 1618955238125.347, 1618955238225.848, 1618955238326.291, 1618955238426.779, 1618955238527.2542, 1618955238627.717, 1618955238728.195, 1618955238828.6582, 1618955238929.129, 1618955239029.5989]], "APPLY_GPU_Accuracy": [0.5333333333333333, 0.582716049382716]}