{"DURATION": 0.968448, "package-0": 39.021955747753104, "dram": 6.2411394313375625}