{"DURATION": 23.049308, "package-0": 40.86297037637746, "dram": 6.4053013218444566}