{"DURATION": 0.134096, "package-0": 33.66082508053932, "dram": 6.385567056437179}