{"DURATION": 14.356652, "package-0": 39.922313015597226, "dram": 6.479702231411613}