{"DURATION": 0.240023, "package-0": 33.862529840890254, "dram": 6.243647483782804}