{"DURATION": 0.597894, "package-0": 35.7987803858209, "dram": 6.198468290365851}