{"DURATION": 0.940248, "package-0": 37.746681726523214, "dram": 6.289163071870401}