{"DURATION": 0.00839, "package-0": 17.801311084624555, "dram": 4.391299165673421}