{"DURATION": 0.018994, "package-0": 28.123512688217332, "dram": 4.466621038222597, "Accuracy": 0.50625}