{"DURATION": 0.291305, "package-0": 33.8131854928683, "dram": 6.202667307461252}