{"DURATION": 0.013686, "package-0": 28.283209118807537, "dram": 4.254858979979541}