{"DURATION": 0.003384, "package-0": 32.98847517730496, "dram": 4.240839243498818, "Accuracy": 0.4}