{"WCT": 1248.0293643474579, "Accuracy": 0.5591111111111111}