{"DURATION": 0.01755, "package-0": 29.64461538461539, "dram": 4.737321937321938, "Accuracy": 0.5890625}