{"DURATION": 0.034167, "package-0": 45.34708929668979, "dram": 6.358767231539204, "Accuracy": 0.5804444444444444}