{"DURATION": 0.369119, "package-0": 35.270327455373476, "dram": 6.310065317688876}