{"DURATION": 0.339706, "package-0": 33.05569816252878, "dram": 6.235597840485596}