{"DURATION": 8.232432, "package-0": 41.86457294758098, "dram": 6.4440731487366065}