{"DURATION": 6.407592, "package-0": 42.27943040068718, "dram": 6.564721973558865}