{"DURATION": 23.064595, "package-0": 40.68796590618651, "dram": 6.426666715804028}