{"DURATION": 0.005867, "package-0": 19.786603033918528, "dram": 4.683483892960627}