{"DURATION": 0.017197, "package-0": 24.180496598243877, "dram": 6.018724196080711}