{"x_train_bytes": 4800000, "x_test_bytes": 1600000, "x_train_shape": [37500, 64], "x_test_shape": [12500, 64], "repeats": 5, "start": 1615029543.5653453, "predict_iters": 50, "train_iters": 50, "predict_samples": 50, "train_lbp_iters": 5, "modeltype": "MRF", "inferencetype": "JT", "graph_type": "grid", "states": 2, "vertices": 64, "config_id": "MRF_Junction_Tree_CPU", "TRAIN_MEMORY_PRE": [122228736, 122392576, 122572800, 122576896, 122175488], "TRAIN_MEMORY_ENC": [[122228736, 1, 124788736, 6, 125542400, 711], [122392576, 1, 125239296, 5, 125972480, 708], [122572800, 1, 125104128, 5, 125804544, 6, 126029824, 702], [122576896, 1, 124657664, 1, 125333504, 4, 125825024, 703], [122175488, 1, 124887040, 5, 125726720, 711]], "APPLY_MEMORY_PRE": [122515456, 122593280, 122937344, 122851328, 122945536], "APPLY_MEMORY_ENC": [[122515456, 1, 125521920, 302], [122593280, 1, 125505536, 301], [122937344, 1, 125812736, 301], [122851328, 1, 125796352, 304], [122945536, 1, 125935616, 302]], "TRAIN_ENERGY_DURATION": [2.844013, 2.844936, 2.837132, 2.838564, 2.840926], "TRAIN_ENERGY_package-0": [40.93697883940755, 41.18972588487052, 41.29353798131353, 41.17566699218337, 41.33696055441078], "TRAIN_ENERGY_dram": [6.456274285666064, 6.463446277877604, 6.451877459349794, 6.469088947791912, 6.461642084306314], "APPLY_ENERGY_DURATION": [1.22116, 1.224484, 1.225017, 1.232419, 1.22166], "APPLY_ENERGY_package-0": [40.75034393527466, 40.65796613103969, 40.64590613844542, 40.414214646155244, 40.694246353322534], "APPLY_ENERGY_dram": [6.4701750794326705, 6.436043263938116, 6.431493603762233, 6.4282228690080245, 6.4299174893178135], "TRAIN_RUNTIME_WCT": [2.843984842300415, 2.8467633724212646, 2.84021258354187, 2.842705488204956, 2.838085174560547], "APPLY_RUNTIME_WCT": [1.2203600406646729, 1.218656063079834, 1.222904920578003, 1.218909502029419, 1.2209012508392334], "name": "grid_nodes8_states2_nsamples50000"}