{"DURATION": 3.573701, "package-0": 41.914126839374646, "dram": 6.435707967734291, "Accuracy": 0.5333333333333333}