{"WCT": 73.76324653625488, "Accuracy": 0.5361111111111111}