{"DURATION": 0.012397, "package-0": 22.33725901427765, "dram": 4.673792046462854}