{"DURATION": 3.023397, "package-0": 39.97257455769123, "dram": 6.375461773627479}