{"DURATION": 0.034681, "package-0": 24.283065655546267, "dram": 6.5009947810040085}