{"DURATION": 0.033038, "package-0": 23.495459773594046, "dram": 5.538258974514196}