{"DURATION": 1247.774921, "package-0": 41.845471910234046, "dram": 6.455529240437427}