{"DURATION": 0.316967, "package-0": 36.69952708010613, "dram": 6.310625396334634}