{"DURATION": 0.540677, "package-0": 38.979960309019994, "dram": 6.368856082282028}