{"DURATION": 0.003271, "package-0": 40.64047691837359, "dram": 6.015285845307245, "Accuracy": 0.6375}