{"repeats": 2, "start": 1618849869.114507, "name": "grid_nodes10_states2_nsamples50000", "cl_name": "Grid10", "graph_type": "grid", "states": 2, "vertices": 100, "seed": 876, "predict_samples": 50, "config_id": "MRF_Junction_Tree_cpu", "uses_gpu": false, "predict_iters": 50, "train_iters": 50, "train_lbp_iters": 5, "modeltype": "MRF", "inferencetype": "JT", "TRAIN_MEMORY_PRE": [1066229760, 1066229760], "TRAIN_MEMORY_ENC": [[1066229760, 1, 1067573248, 2640], [1066229760, 1, 1067573248, 2649]], "APPLY_MEMORY_PRE": [1066213376, 1066242048], "APPLY_MEMORY_ENC": [[1066213376, 1, 1067556864, 1154], [1066242048, 1, 1067585536, 1154]], "APPLY_MEMORY_Accuracy": [0.561, 0.553], "TRAIN_ENERGY_DURATION": [23.042257, 23.032199], "TRAIN_ENERGY_package-0": [41.77725250612386, 41.88068542651963], "TRAIN_ENERGY_dram": [6.4296918917274475, 6.4217441851731145], "APPLY_ENERGY_DURATION": [10.053172, 10.044332], "APPLY_ENERGY_package-0": [41.88403461116551, 42.01012481467159], "APPLY_ENERGY_dram": [6.419540718093752, 6.43542527268115], "APPLY_ENERGY_Accuracy": [0.55, 0.549], "TRAIN_RUNTIME_WCT": [23.037113666534424, 23.036424160003662], "APPLY_RUNTIME_WCT": [10.049602508544922, 10.044167518615723], "APPLY_RUNTIME_Accuracy": [0.557, 0.581]}