{"DURATION": 0.954936, "package-0": 39.29818019218042, "dram": 6.407621034289209}