{"DURATION": 1.45261, "package-0": 41.09930607664824, "dram": 6.332614397532717}