{"DURATION": 0.037794, "package-0": 33.32587183150764, "dram": 6.511642059586177}