{"DURATION": 0.071251, "package-0": 30.13159113556301, "dram": 6.21954779582041}