{"DURATION": 0.008285, "package-0": 16.597706698853347, "dram": 4.44321062160531}