{"DURATION": 0.056558, "package-0": 29.349853247993213, "dram": 6.101541780119523}