{"DURATION": 0.037337, "package-0": 33.04229048932694, "dram": 6.405308407210006}