{"WCT": 0.012458562850952148, "Accuracy": 0.5897959183673469}