{"DURATION": 0.296583, "package-0": 32.62740278438077, "dram": 6.266134606501385}