{"DURATION": 0.314476, "package-0": 36.72802058026686, "dram": 6.419097164807489}