{"DURATION": 0.441028, "package-0": 36.96880696917203, "dram": 6.3429215378615424}