{"DURATION": 2.830993, "package-0": 41.04254938108289, "dram": 6.4456450439828}