{"DURATION": 0.348596, "package-0": 35.70693582255677, "dram": 6.29071762154471}