{"DURATION": 0.423978, "package-0": 36.19995141257329, "dram": 6.316594257249197}