{"DURATION": 1.592274, "package-0": 39.99653640014219, "dram": 6.366818148132797}