{"DURATION": 0.134623, "package-0": 33.50366579262088, "dram": 6.438312918297765}