{"DURATION": 0.838393, "package-0": 33.69234356679981, "dram": 5.924967169334667, "Accuracy": 0.5416666666666666}