{"WCT": 0.8163511753082275, "Accuracy": 0.5444444444444444}