{"DURATION": 6.423028, "package-0": 42.656199537040784, "dram": 6.572184957001588}