{"DURATION": 0.030929, "package-0": 25.433056354877298, "dram": 6.131106728313233}