{"DURATION": 437.070084, "package-0": 40.73227329601447, "dram": 6.426397341804799}