{"DURATION": 0.009186, "package-0": 16.07271935554104, "dram": 4.408883082952319}