{"DURATION": 0.150709, "package-0": 23.921703415190862, "dram": 5.976491118645867}