{"DURATION": 0.171012, "package-0": 25.77887516665497, "dram": 5.961482235164784}