{"DURATION": 4.207364, "package-0": 41.82045931847114, "dram": 6.299599939534587}