{"WCT": 0.028925657272338867, "Accuracy": 0.5846938775510204}