{"WCT": 12.411104440689087, "Accuracy": 0.5618055555555556}