{"DURATION": 1.990286, "package-0": 38.88713983819411, "dram": 6.096596670026318}