{"DURATION": 0.09388, "package-0": 29.40186408180656, "dram": 6.054154239454622}