{"DURATION": 0.536455, "package-0": 37.85648004026433, "dram": 6.387266406315534}