{"DURATION": 437.60944, "package-0": 41.79481864468006, "dram": 6.409087891248415}