{"DURATION": 0.206719, "package-0": 27.888689477019525, "dram": 6.169321639520314}