{"DURATION": 1.606958, "package-0": 39.896055777437866, "dram": 6.365499284984423}