{"DURATION": 0.296538, "package-0": 32.34543633530947, "dram": 6.144807748079503}