{"repeats": 2, "start": 1618849725.3712747, "name": "grid_nodes7_states2_nsamples50000", "cl_name": "Grid7", "graph_type": "grid", "states": 2, "vertices": 49, "seed": 876, "predict_samples": 50, "config_id": "MRF_Belief_Propagation_cpu", "uses_gpu": false, "predict_iters": 50, "train_iters": 50, "train_lbp_iters": 5, "modeltype": "MRF", "inferencetype": "BP", "TRAIN_MEMORY_PRE": [1048592384, 1048870912], "TRAIN_MEMORY_ENC": [[1048592384, 1, 1049935872, 4], [1048870912, 1, 1050214400, 4]], "APPLY_MEMORY_PRE": [1048911872, 1048928256], "APPLY_MEMORY_ENC": [[1048911872, 1, 1050255360, 1], [1048928256, 1, 1050271744, 1]], "APPLY_MEMORY_Accuracy": [0.5979591836734693, 0.5836734693877551], "TRAIN_ENERGY_DURATION": [0.054763, 0.046644], "TRAIN_ENERGY_package-0": [38.960630352610345, 43.93645484949833], "TRAIN_ENERGY_dram": [5.917389478297391, 6.536703541720264], "APPLY_ENERGY_DURATION": [0.016848, 0.015737], "APPLY_ENERGY_package-0": [27.818613485280153, 30.030755544258753], "APPLY_ENERGY_dram": [4.262761158594492, 4.262248204867509], "APPLY_ENERGY_Accuracy": [0.5387755102040817, 0.5326530612244897], "TRAIN_RUNTIME_WCT": [0.05427956581115723, 0.04625701904296875], "APPLY_RUNTIME_WCT": [0.014379262924194336, 0.012458562850952148], "APPLY_RUNTIME_Accuracy": [0.5510204081632653, 0.5897959183673469]}