{"WCT": 0.017247438430786133, "Accuracy": 0.562962962962963}