{"WCT": 0.9039220809936523, "Accuracy": 0.5570247933884298}