{"DURATION": 0.030386, "package-0": 25.47377081550714, "dram": 6.239649838741525}