{"DURATION": 0.024588, "package-0": 31.35403448836831, "dram": 6.331462502033513}