{"DURATION": 0.043676, "package-0": 35.97733308911072, "dram": 5.723669749977104, "Accuracy": 0.508}