{"DURATION": 0.046644, "package-0": 43.93645484949833, "dram": 6.536703541720264}