{"DURATION": 6.338402, "package-0": 40.17175228077992, "dram": 6.471825075153011}