{"DURATION": 1.225017, "package-0": 40.64590613844542, "dram": 6.431493603762233}