{"DURATION": 10.092977, "package-0": 40.570558220830186, "dram": 6.398778378272338}