{"DURATION": 0.015737, "package-0": 30.030755544258753, "dram": 4.262248204867509, "Accuracy": 0.5326530612244897}