{"DURATION": 0.020206, "package-0": 31.607938236167477, "dram": 6.427892705137088}