{"DURATION": 6.216587, "package-0": 42.021427674059744, "dram": 6.377048692473862}