{"DURATION": 436.982937, "package-0": 41.54001679475187, "dram": 6.437817049135719}