{"DURATION": 73.650183, "package-0": 42.07346237007992, "dram": 6.455360375682977}