{"repeats": 2, "start": 1618849541.6848478, "name": "grid_nodes3_states2_nsamples50000", "cl_name": "Grid3", "graph_type": "grid", "states": 2, "vertices": 9, "seed": 876, "predict_samples": 50, "config_id": "MRF_Belief_Propagation_cpu", "uses_gpu": false, "predict_iters": 50, "train_iters": 50, "train_lbp_iters": 5, "modeltype": "MRF", "inferencetype": "BP", "TRAIN_MEMORY_PRE": [1048911872, 1048780800], "TRAIN_MEMORY_ENC": [[1048911872, 1, 1050255360, 1], [1048780800, 1, 1050124288, 1]], "APPLY_MEMORY_PRE": [1048809472, 1048838144], "APPLY_MEMORY_ENC": [[1048809472, 1], [1048838144, 1]], "APPLY_MEMORY_Accuracy": [0.6444444444444445, 0.4777777777777778], "TRAIN_ENERGY_DURATION": [0.018747, 0.009396], "TRAIN_ENERGY_package-0": [28.461513842214757, 46.244040017028524], "TRAIN_ENERGY_dram": [4.402197684962927, 6.221902937420179], "APPLY_ENERGY_DURATION": [0.006063, 0.005718], "APPLY_ENERGY_package-0": [28.005937654626425, 24.45452955578874], "APPLY_ENERGY_dram": [4.6557809665182255, 4.088667366211962], "APPLY_ENERGY_Accuracy": [0.5777777777777777, 0.6222222222222222], "TRAIN_RUNTIME_WCT": [0.019556045532226562, 0.01760125160217285], "APPLY_RUNTIME_WCT": [0.0020830631256103516, 0.005941152572631836], "APPLY_RUNTIME_Accuracy": [0.5, 0.6666666666666666]}