{"DURATION": 1.45797, "package-0": 41.13605081037333, "dram": 6.336051496258497}