{"DURATION": 0.036227, "package-0": 41.8974521765534, "dram": 6.395864962596957}