{"DURATION": 0.009696, "package-0": 16.549195544554454, "dram": 4.258869636963696}