{"DURATION": 28.510452, "package-0": 43.05348992713268, "dram": 6.634313479140913}