{"DURATION": 0.29872, "package-0": 26.081470942688807, "dram": 5.803213711837172}