{"x_train_bytes": 14700000, "x_test_bytes": 4900000, "x_train_shape": [37500, 196], "x_test_shape": [12500, 196], "repeats": 5, "start": 1616613670.568479, "name": "grid_nodes14_states2_nsamples50000", "graph_type": "grid", "states": 2, "vertices": 196, "seed": 876, "predict_iters": 50, "train_iters": 50, "predict_samples": 50, "train_lbp_iters": 10, "modeltype": "MRF", "inferencetype": "EXT", "config_id": "MRF_Belief_Propagation_GPU", "TRAIN_MEMORY_PRE": [112599040, 113274880, 113319936, 113455104, 113176576], "TRAIN_MEMORY_ENC": [[112599040, 1, 114118656, 1, 114675712, 31, 115380224, 1, 117112832, 10, 122454016, 4, 185978880, 1, 186540032, 1, 186818560, 5, 195555328, 1, 209276928, 1, 215060480, 1, 230739968, 2, 232075264, 56], [113274880, 1, 114782208, 1, 115245056, 30, 116383744, 1, 117497856, 10, 122802176, 4, 186331136, 1, 186896384, 1, 187174912, 4, 202768384, 1, 212406272, 1, 225742848, 1, 233058304, 55], [113319936, 1, 114831360, 1, 115224576, 31, 117534720, 10, 122773504, 3, 186077184, 1, 186363904, 1, 187207680, 5, 192765952, 1, 207790080, 1, 215240704, 1, 229298176, 1, 232292352, 60], [113455104, 1, 114962432, 1, 115417088, 30, 117633024, 10, 122994688, 3, 186232832, 1, 186802176, 1, 187367424, 2, 196104192, 1, 209592320, 1, 215617536, 1, 231297024, 1, 232284160, 57], [113176576, 1, 114688000, 1, 115257344, 30, 117452800, 10, 122888192, 3, 186114048, 1, 186683392, 1, 187248640, 2, 202567680, 1, 210997248, 1, 223522816, 1, 232230912, 59]], "APPLY_MEMORY_PRE": [113328128, 113254400, 113561600, 112693248, 113041408], "APPLY_MEMORY_ENC": [[113328128, 1, 117387264, 4, 119902208, 1, 122748928, 3, 185978880, 1, 186548224, 1, 187117568, 2, 198574080, 1, 210255872, 1, 220962816, 1, 231235584, 1, 232271872, 50], [113254400, 1, 117305344, 4, 122216448, 1, 122605568, 3, 185843712, 1, 186400768, 1, 186966016, 2, 195702784, 1, 208973824, 1, 215003136, 1, 228519936, 1, 232058880, 59], [113561600, 1, 117641216, 4, 120164352, 1, 123101184, 3, 186331136, 1, 186892288, 1, 187457536, 3, 193826816, 1, 207466496, 1, 215437312, 1, 229224448, 1, 232304640, 58], [112693248, 1, 116998144, 4, 119521280, 1, 122335232, 3, 185856000, 1, 186138624, 1, 186699776, 2, 199696384, 1, 209911808, 1, 220278784, 1, 230551552, 3, 231960576, 43], [113041408, 1, 117108736, 4, 122527744, 4, 186048512, 1, 186888192, 2, 195624960, 1, 208846848, 1, 214876160, 1, 228392960, 1, 231866368, 67]], "TRAIN_ENERGY_DURATION": [0.47913, 0.486018, 0.492098, 0.49762, 0.481261], "TRAIN_ENERGY_package-0": [37.25831611462442, 38.96651564345353, 37.774256347312935, 37.11038744423456, 37.949902443788304], "TRAIN_ENERGY_dram": [6.330215181683467, 6.344291775201741, 6.273181358184752, 6.2910112133756675, 6.317443133767332], "APPLY_ENERGY_DURATION": [0.290784, 0.291305, 0.369615, 0.33981, 0.280506], "APPLY_ENERGY_package-0": [33.05390943105536, 33.8131854928683, 35.87245918049862, 35.27622200641535, 33.887082629248575], "APPLY_ENERGY_dram": [6.213467728623309, 6.202667307461252, 6.291249002340273, 6.245125217033047, 6.194701717610319], "TRAIN_RUNTIME_WCT": [0.4796929359436035, 0.4942138195037842, 0.4904141426086426, 0.4877750873565674, 0.47414660453796387], "APPLY_RUNTIME_WCT": [0.3895142078399658, 0.38204360008239746, 0.3500478267669678, 0.32730579376220703, 0.33713579177856445], "TRAIN_GPU_temperature": [[36, 36, 36, 35, 35], [37, 37, 37, 38, 38], [39, 39, 38, 39, 39], [40, 40, 39, 39, 40], [40, 40, 40, 40, 40]], "TRAIN_GPU_util.gpu": [[0, 0, 0, 5, 5], [0, 0, 0, 19, 19], [0, 0, 0, 4, 4], [0, 0, 0, 0, 47], [0, 0, 0, 1, 1]], "TRAIN_GPU_util.memory": [[0, 0, 0, 0, 0], [0, 0, 0, 0, 0], [0, 0, 0, 0, 0], [0, 0, 0, 0, 0], [0, 0, 0, 0, 0]], "TRAIN_GPU_power.draw": [[56.071, 55.841, 55.942, 56.339, 57.145], [15.492, 15.408, 15.364, 28.791, 53.654], [56.603, 56.739, 47.496, 25.422, 52.095], [56.482, 56.482, 56.657, 47.818, 51.889], [56.928, 56.958, 56.91, 57.412, 54.75]], "TRAIN_GPU_memory.used": [[1048576, 1048576, 16646144, 128843776, 128843776], [1048576, 1048576, 16646144, 128843776, 128843776], [1048576, 1048576, 16646144, 128843776, 128843776], [1048576, 1048576, 18743296, 128843776, 128843776], [1048576, 1048576, 16646144, 128843776, 128843776]], "TRAIN_GPU_timestamp": [[1616617284289.28, 1616617284377.671, 1616617284478.4329, 1616617284578.622, 1616617284679.1611], [1616681180160.969, 1616681180249.213, 1616681180351.058, 1616681180449.823, 1616681180550.251], [1616681197455.909, 1616681197543.962, 1616681197644.909, 1616681197744.916, 1616681197845.335], [1616681214241.146, 1616681214329.376, 1616681214430.5369, 1616681214530.336, 1616681214630.7559], [1616681230584.947, 1616681230673.009, 1616681230773.729, 1616681230873.958, 1616681230974.3608]], "APPLY_GPU_temperature": [[36, 36, 36], [39, 38, 38, 39], [39, 38, 39, 39, 39], [40, 40, 40], [40, 39, 40, 40]], "APPLY_GPU_util.gpu": [[0, 0, 6], [0, 0, 0, 57], [0, 0, 0, 48, 48], [0, 0, 23], [0, 0, 0, 51]], "APPLY_GPU_util.memory": [[0, 0, 0], [0, 0, 0, 0], [0, 0, 0, 0, 0], [0, 0, 0], [0, 0, 0, 0]], "APPLY_GPU_power.draw": [[55.61, 55.61, 56.522], [56.485, 56.691, 48.216, 53.143], [56.701, 56.819, 31.998, 51.27, 54.155], [56.754, 57.03, 62.401], [56.704, 56.768, 35.169, 52.902]], "APPLY_GPU_memory.used": [[1048576, 23986176, 128843776], [1048576, 19791872, 128843776, 128843776], [1048576, 18743296, 128843776, 128843776, 128843776], [1048576, 23986176, 128843776], [1048576, 18743296, 128843776, 128843776]], "APPLY_GPU_timestamp": [[1616617286413.31, 1616617286501.872, 1616617286602.3508], [1616681182413.002, 1616681182501.3298, 1616681182601.695, 1616681182702.146], [1616681199679.638, 1616681199773.955, 1616681199868.35, 1616681199968.779, 1616681200069.251], [1616681216399.792, 1616681216488.977, 1616681216589.946], [1616681232791.923, 1616681232883.965, 1616681232980.65, 1616681233081.233]]}