{"DURATION": 0.003922, "package-0": 12.729729729729728, "dram": 3.6435492095869453}