{"DURATION": 0.208703, "package-0": 27.577945693162054, "dram": 6.01222311131129}