{"WCT": 1.220395803451538, "Accuracy": 0.596875}