{"repeats": 2, "start": 1618926664.2885504, "name": "grid_nodes11_states2_nsamples50000", "cl_name": "Grid11", "graph_type": "grid", "states": 2, "vertices": 121, "seed": 876, "predict_samples": 50, "config_id": "MRF_Belief_Propagation_gpu", "uses_gpu": true, "predict_iters": 50, "train_iters": 50, "train_lbp_iters": 5, "modeltype": "MRF", "inferencetype": "BP", "TRAIN_MEMORY_PRE": [1069985792, 1070080000], "TRAIN_MEMORY_ENC": [[1069985792, 1, 1071329280, 6, 1074343936, 80, 1079181312, 4, 1157509120, 1, 1174548480, 1, 1165676544, 12], [1070080000, 1, 1071423488, 7, 1074499584, 80, 1079336960, 4, 1159286784, 1, 1173622784, 1, 1165832192, 12]], "APPLY_MEMORY_PRE": [1069907968, 1069768704], "APPLY_MEMORY_ENC": [[1069907968, 1, 1074044928, 78, 1079009280, 4, 1158807552, 1, 1177800704, 1, 1165705216, 12], [1069768704, 1, 1073745920, 79, 1078583296, 4, 1156308992, 1, 1164083200, 1, 1181790208, 1, 1165078528, 15]], "APPLY_MEMORY_Accuracy": [0.5760330578512397, 0.5826446280991735], "TRAIN_ENERGY_DURATION": [0.975005, 0.980418], "TRAIN_ENERGY_package-0": [35.33664237619294, 35.42311952656928], "TRAIN_ENERGY_dram": [6.089039543386956, 6.063769739029679], "APPLY_ENERGY_DURATION": [0.928809, 0.934645], "APPLY_ENERGY_package-0": [34.884963431663564, 34.785336678632], "APPLY_ENERGY_dram": [6.010742789960045, 5.975470900716315], "APPLY_ENERGY_Accuracy": [0.556198347107438, 0.5669421487603306], "TRAIN_RUNTIME_WCT": [0.9797818660736084, 0.9795131683349609], "APPLY_RUNTIME_WCT": [0.9039220809936523, 0.9588594436645508], "APPLY_RUNTIME_Accuracy": [0.5570247933884298, 0.5752066115702479], "TRAIN_GPU_temperature": [[31, 31, 32], [31, 31, 32]], "TRAIN_GPU_util.gpu": [[0, 0, 6], [0, 0, 6]], "TRAIN_GPU_util.memory": [[0, 0, 0], [0, 0, 0]], "TRAIN_GPU_power.draw": [[19.35, 19.35, 27.476], [19.574, 19.574, 27.777]], "TRAIN_GPU_memory.used": [[131072, 131072, 127926272], [131072, 131072, 127926272]], "TRAIN_GPU_timestamp": [[1618933898426.7559, 1618933898431.1372, 1618933898529.331], [1618933938489.797, 1618933938493.51, 1618933938592.387]], "APPLY_GPU_temperature": [[31, 32, 32], [31, 32, 32, 32]], "APPLY_GPU_util.gpu": [[0, 0, 6], [0, 0, 6, 6]], "APPLY_GPU_util.memory": [[0, 0, 0], [0, 0, 0, 0]], "APPLY_GPU_power.draw": [[19.497, 19.497, 28.397], [19.829, 19.829, 27.94, 47.552]], "APPLY_GPU_memory.used": [[131072, 131072, 127926272], [131072, 131072, 127926272, 127926272]], "APPLY_GPU_timestamp": [[1618933903385.018, 1618933903388.601, 1618933903487.561], [1618933943422.921, 1618933943426.807, 1618933943525.487, 1618933943625.9019]], "APPLY_GPU_Accuracy": [0.5752066115702479, 0.5793388429752067]}