{"DURATION": 167.9605, "package-0": 41.666394777343484, "dram": 6.38308160549653}