{"DURATION": 0.005406, "package-0": 18.8094709581946, "dram": 5.2075471698113205}