{"DURATION": 0.143172, "package-0": 42.824937837007234, "dram": 6.376812505238455}