{"DURATION": 0.314153, "package-0": 29.599994270307782, "dram": 5.945246424512897}