{"DURATION": 129.451069, "package-0": 40.13542597319147, "dram": 6.400966947596239, "Accuracy": 0.5693333333333334}