{"DURATION": 33.774414, "package-0": 40.439304883276435, "dram": 6.462710737187032}