{"DURATION": 438.418528, "package-0": 41.78578759791831, "dram": 6.440244286391108}