{"repeats": 2, "start": 1618947622.0333257, "name": "grid_nodes6_states2_nsamples50000", "cl_name": "Grid6", "graph_type": "grid", "states": 2, "vertices": 36, "seed": 876, "predict_samples": 50, "config_id": "MRF_Junction_Tree_gpu", "uses_gpu": true, "predict_iters": 50, "train_iters": 50, "train_lbp_iters": 5, "modeltype": "MRF", "inferencetype": "JT", "TRAIN_MEMORY_PRE": [1049526272, 1048686592], "TRAIN_MEMORY_ENC": [[1049526272, 1, 1050869760, 1, 1052598272, 1, 1054564352, 84, 1139228672, 1, 1158426624, 1, 1145835520, 1, 1148825600, 1, 1155313664, 1, 1158201344, 109], [1048686592, 1, 1050030080, 1, 1053663232, 82, 1138388992, 1, 1156571136, 1, 1145905152, 1, 1147920384, 1, 1153179648, 1, 1158856704, 107]], "APPLY_MEMORY_PRE": [1048723456, 1048571904], "APPLY_MEMORY_ENC": [[1048723456, 1, 1053257728, 81, 1137922048, 1, 1154146304, 1, 1144528896, 1, 1146109952, 1, 1151545344, 1, 1155059712, 1, 1157218304, 58], [1048571904, 1, 1053188096, 81, 1137852416, 1, 1158402048, 1, 1144459264, 2, 1148534784, 1, 1154482176, 1, 1156497408, 58]], "APPLY_MEMORY_Accuracy": [0.5472222222222223, 0.6444444444444445], "TRAIN_ENERGY_DURATION": [1.974993, 1.990286], "TRAIN_ENERGY_package-0": [38.786350128835906, 38.88713983819411], "TRAIN_ENERGY_dram": [6.122120939162823, 6.096596670026318], "APPLY_ENERGY_DURATION": [1.42331, 1.430959], "APPLY_ENERGY_package-0": [37.66960395135283, 37.256388198404004], "APPLY_ENERGY_dram": [6.070401388313157, 6.016344283798487], "APPLY_ENERGY_Accuracy": [0.5388888888888889, 0.5805555555555556], "TRAIN_RUNTIME_WCT": [1.971644639968872, 1.9936628341674805], "APPLY_RUNTIME_WCT": [1.4316956996917725, 1.425816535949707], "APPLY_RUNTIME_Accuracy": [0.5666666666666667, 0.5805555555555556], "TRAIN_GPU_temperature": [[35, 35, 35, 35, 36, 36, 36, 36, 36, 36, 36, 36, 37, 37], [35, 35, 35, 35, 35, 35, 36, 36, 36, 36, 36, 36, 36, 36]], "TRAIN_GPU_util.gpu": [[0, 0, 6, 6, 41, 41, 73, 73, 70, 70, 70, 70, 70, 70], [0, 0, 6, 6, 40, 40, 76, 76, 70, 70, 70, 70, 70, 70]], "TRAIN_GPU_util.memory": [[0, 0, 0, 0, 0, 0, 0, 0, 0, 0, 0, 0, 0, 0], [0, 0, 0, 0, 0, 0, 0, 0, 0, 0, 0, 0, 0, 0]], "TRAIN_GPU_power.draw": [[19.737, 19.737, 30.099, 44.338, 46.509, 48.374, 48.606, 61.712, 62.774, 62.958, 62.893, 62.871, 62.913, 62.94], [19.881, 19.881, 30.179, 44.273, 46.774, 46.539, 47.563, 61.396, 62.61, 62.52, 62.493, 62.637, 62.552, 62.613]], "TRAIN_GPU_memory.used": [[131072, 131072, 123731968, 130023424, 130023424, 130023424, 130023424, 130023424, 130023424, 130023424, 130023424, 130023424, 130023424, 130023424], [131072, 131072, 125829120, 130023424, 130023424, 130023424, 130023424, 130023424, 130023424, 130023424, 130023424, 130023424, 130023424, 130023424]], "TRAIN_GPU_timestamp": [[1618954860795.4358, 1618954860798.9421, 1618954860898.03, 1618954860998.503, 1618954861098.9412, 1618954861199.4219, 1618954861299.873, 1618954861400.359, 1618954861500.8162, 1618954861601.331, 1618954861701.77, 1618954861801.937, 1618954861902.362, 1618954862002.886], [1618954906600.039, 1618954906603.601, 1618954906702.7048, 1618954906803.196, 1618954906903.62, 1618954907004.117, 1618954907104.554, 1618954907205.018, 1618954907305.4941, 1618954907406.007, 1618954907506.437, 1618954907607.159, 1618954907707.412, 1618954907808.09]], "APPLY_GPU_temperature": [[35, 35, 35, 35, 36, 36, 36, 36, 36], [35, 35, 35, 35, 35, 35, 36, 36, 36]], "APPLY_GPU_util.gpu": [[0, 0, 6, 6, 35, 35, 75, 75, 69], [0, 0, 6, 6, 42, 42, 74, 74, 69]], "APPLY_GPU_util.memory": [[0, 0, 0, 0, 0, 0, 0, 0, 0], [0, 0, 0, 0, 0, 0, 0, 0, 0]], "APPLY_GPU_power.draw": [[20.019, 20.019, 29.11, 44.411, 46.785, 46.874, 47.745, 62.061, 62.747], [19.995, 19.995, 27.284, 44.434, 46.995, 48.917, 48.952, 61.783, 62.883]], "APPLY_GPU_memory.used": [[131072, 131072, 125829120, 130023424, 130023424, 130023424, 130023424, 130023424, 130023424], [131072, 131072, 125829120, 130023424, 130023424, 130023424, 130023424, 130023424, 130023424]], "APPLY_GPU_timestamp": [[1618954866760.649, 1618954866764.605, 1618954866862.934, 1618954866963.443, 1618954867063.8572, 1618954867164.316, 1618954867264.7852, 1618954867365.264, 1618954867465.731], [1618954912963.1199, 1618954912966.352, 1618954913065.704, 1618954913166.1812, 1618954913266.619, 1618954913367.0981, 1618954913467.559, 1618954913568.059, 1618954913668.499]], "APPLY_GPU_Accuracy": [0.5972222222222222, 0.5694444444444444]}