{"DURATION": 0.271987, "package-0": 26.927820079636163, "dram": 5.692323530168721}