{"DURATION": 33.734729, "package-0": 40.25944364337416, "dram": 6.4882408274274255}