{"DURATION": 0.047234, "package-0": 34.117521277046194, "dram": 5.752148875809799, "Accuracy": 0.584}