{"DURATION": 0.840164, "package-0": 34.34807966063769, "dram": 6.019648544807918, "Accuracy": 0.575}