{"DURATION": 3.580389, "package-0": 41.98937601472913, "dram": 6.3991879094701725}