{"DURATION": 0.233759, "package-0": 38.400044490265614, "dram": 6.435700871410298}