{"DURATION": 0.327763, "package-0": 28.490995017741472, "dram": 5.884724633347876}