{"DURATION": 0.199565, "package-0": 23.000711547616067, "dram": 5.5988976022849695}