{"DURATION": 0.088282, "package-0": 32.254208105842636, "dram": 6.436147799098344}