{"DURATION": 25.066202, "package-0": 41.1906204617676, "dram": 6.42668007702164, "Accuracy": 0.5467455621301776}