{"DURATION": 1244.063834, "package-0": 41.953386394319054, "dram": 6.456715840033012}