{"DURATION": 168.108875, "package-0": 41.92471994116907, "dram": 6.429706801618892}