{"DURATION": 0.004205, "package-0": 26.27205707491082, "dram": 4.548156956004756, "Accuracy": 0.65}