{"DURATION": 0.165331, "package-0": 24.47808336004742, "dram": 5.8886113312083035}