{"DURATION": 0.032644, "package-0": 24.332496017644896, "dram": 5.344504349957114}