{"DURATION": 0.012456, "package-0": 43.61038856775851, "dram": 6.222703917790622, "Accuracy": 0.582716049382716}