{"DURATION": 0.037826, "package-0": 32.88782847776662, "dram": 6.507349442182626}