{"x_train_bytes": 675000, "x_test_bytes": 225000, "x_train_shape": [37500, 9], "x_test_shape": [12500, 9], "repeats": 5, "start": 1615058674.1158903, "predict_iters": 50, "train_iters": 50, "predict_samples": 50, "train_lbp_iters": 5, "modeltype": "MRF", "inferencetype": "JT", "graph_type": "grid", "states": 2, "vertices": 9, "config_id": "MRF_Junction_Tree_CPU", "TRAIN_MEMORY_PRE": [110968832, 111656960, 111620096, 110927872, 111001600], "TRAIN_MEMORY_ENC": [[110968832, 1, 114020352, 1], [111656960, 1, 114716672, 1], [111620096, 1, 114503680, 1], [110927872, 1, 113930240, 1], [111001600, 1, 113889280, 1]], "APPLY_MEMORY_PRE": [111124480, 111280128, 111108096, 111460352, 111538176], "APPLY_MEMORY_ENC": [[111124480, 1], [111280128, 1, 114171904, 1], [111108096, 1, 114163712, 1], [111460352, 1, 115388416, 1], [111538176, 1, 114540544, 1]], "TRAIN_ENERGY_DURATION": [0.013743, 0.01787, 0.019959, 0.015849, 0.014259], "TRAIN_ENERGY_package-0": [20.025249217783596, 18.464185786233912, 17.161581241545168, 18.33478452899237, 20.3064731047058], "TRAIN_ENERGY_dram": [4.860656334133741, 5.01040850587577, 4.374818377674233, 5.52956022461985, 5.781331089136685], "APPLY_ENERGY_DURATION": [0.007027, 0.00898, 0.005978, 0.004601, 0.007796], "APPLY_ENERGY_package-0": [17.258716379678383, 16.3326280623608, 17.979759116761457, 18.585090197783092, 17.090687532067726], "APPLY_ENERGY_dram": [3.879891845737868, 4.535523385300668, 4.637671462027434, 6.840252119104543, 4.572729604925603], "TRAIN_RUNTIME_WCT": [0.016077756881713867, 0.017859697341918945, 0.019548416137695312, 0.015457391738891602, 0.01753997802734375], "APPLY_RUNTIME_WCT": [0.007277488708496094, 0.0068323612213134766, 0.005282163619995117, 0.0060765743255615234, 0.007009983062744141], "name": "grid_nodes3_states2_nsamples50000"}