{"DURATION": 3.214328, "package-0": 40.70573507121862, "dram": 6.233780746706621}