{"DURATION": 0.045845, "package-0": 24.77877631148435, "dram": 5.821638128476388}