{"DURATION": 0.165559, "package-0": 26.651175713793872, "dram": 6.165687156844387}