{"DURATION": 0.193063, "package-0": 23.875232437080122, "dram": 5.657966570497713}