{"WCT": 491.7218325138092, "Accuracy": 0.5581632653061225}