{"DURATION": 0.375676, "package-0": 32.45540572195189, "dram": 6.08593575314899}