{"DURATION": 0.2077, "package-0": 37.513163216177176, "dram": 6.4561290322580644}