{"DURATION": 0.403003, "package-0": 37.378585271077384, "dram": 6.43062210455009}