{"DURATION": 6.420874, "package-0": 42.74479658065241, "dram": 6.5565658195441925}