{"DURATION": 0.02482, "package-0": 31.506043513295733, "dram": 6.5225221595487515}