{"DURATION": 0.450862, "package-0": 34.00067426396547, "dram": 6.112777302145668}