{"DURATION": 0.024321, "package-0": 20.826857448295716, "dram": 5.694461576415444}