{"DURATION": 0.009961, "package-0": 28.03292842084128, "dram": 4.571127396847706, "Accuracy": 0.532}