{"DURATION": 63.264499, "package-0": 41.63334077774013, "dram": 6.421846950846793}