{"DURATION": 0.054763, "package-0": 38.960630352610345, "dram": 5.917389478297391}