{"DURATION": 0.037146, "package-0": 22.275642061056374, "dram": 6.088138695956496}