{"DURATION": 0.009815, "package-0": 18.817320427916453, "dram": 4.168313805399897}