{"DURATION": 0.602983, "package-0": 36.37090100384256, "dram": 6.1507488602497915}