{"DURATION": 27.727653, "package-0": 42.00951097447736, "dram": 6.3911214194724675, "Accuracy": 0.5578512396694215}