{"DURATION": 0.47974, "package-0": 33.217980572810276, "dram": 6.019122858214867}