{"DURATION": 0.153833, "package-0": 24.858287883614047, "dram": 5.941651011161454}