{"repeats": 2, "start": 1618947812.0980747, "name": "grid_nodes8_states2_nsamples50000", "cl_name": "Grid8", "graph_type": "grid", "states": 2, "vertices": 64, "seed": 876, "predict_samples": 50, "config_id": "MRF_Junction_Tree_gpu", "uses_gpu": true, "predict_iters": 50, "train_iters": 50, "train_lbp_iters": 5, "modeltype": "MRF", "inferencetype": "JT", "TRAIN_MEMORY_PRE": [1053548544, 1053581312], "TRAIN_MEMORY_ENC": [[1053548544, 1, 1054892032, 4, 1058148352, 84, 1058959360, 1, 1143623680, 1, 1159581696, 1, 1151533056, 1, 1153863680, 1, 1159122944, 1, 1161826304, 1, 1164107776, 228], [1053581312, 1, 1054924800, 4, 1058115584, 84, 1142779904, 1, 1157926912, 1, 1150693376, 2, 1155506176, 1, 1161453568, 2, 1163526144, 228]], "APPLY_MEMORY_PRE": [1053872128, 1054396416], "APPLY_MEMORY_ENC": [[1053872128, 1, 1058369536, 80, 1063206912, 3, 1064017920, 1, 1144029184, 1, 1160855552, 1, 1152040960, 1, 1153413120, 1, 1158733824, 1, 1162518528, 2, 1164791808, 127], [1054396416, 1, 1058697216, 79, 1063534592, 4, 1141321728, 1, 1147891712, 1, 1162330112, 1, 1151623168, 1, 1155997696, 1, 1159241728, 1, 1162485760, 2, 1164644352, 94]], "APPLY_MEMORY_Accuracy": [0.54375, 0.571875], "TRAIN_ENERGY_DURATION": [3.229945, 3.214328], "TRAIN_ENERGY_package-0": [40.61177450390022, 40.70573507121862], "TRAIN_ENERGY_dram": [6.235585745268109, 6.233780746706621], "APPLY_ENERGY_DURATION": [2.134074, 2.131891], "APPLY_ENERGY_package-0": [39.07022624332615, 39.070466548242855], "APPLY_ENERGY_dram": [6.159563820186179, 6.169896584769108], "APPLY_ENERGY_Accuracy": [0.55, 0.54375], "TRAIN_RUNTIME_WCT": [3.2198214530944824, 3.190614938735962], "APPLY_RUNTIME_WCT": [2.138278007507324, 2.127061605453491], "APPLY_RUNTIME_Accuracy": [0.584375, 0.5015625], "TRAIN_GPU_temperature": [[35, 35, 36, 36, 36, 36, 36, 37, 37, 37, 37, 37, 37, 37, 37, 37, 37, 37, 37, 37, 37, 37, 37, 37, 37, 37], [35, 35, 36, 36, 36, 36, 37, 37, 37, 37, 37, 37, 37, 37, 37, 37, 37, 37, 37, 37, 37, 37, 37, 37, 37, 37]], "TRAIN_GPU_util.gpu": [[0, 0, 6, 6, 40, 40, 76, 76, 73, 73, 73, 73, 73, 73, 73, 73, 73, 73, 73, 73, 73, 73, 73, 73, 73, 73], [0, 0, 6, 6, 41, 41, 77, 77, 73, 73, 73, 73, 73, 73, 73, 73, 73, 73, 73, 73, 73, 73, 73, 73, 73, 73]], "TRAIN_GPU_util.memory": [[0, 0, 0, 0, 0, 0, 0, 0, 0, 0, 0, 0, 0, 0, 0, 0, 0, 0, 0, 0, 0, 0, 0, 0, 0, 0], [0, 0, 0, 0, 0, 0, 0, 0, 0, 0, 0, 0, 0, 0, 0, 0, 0, 0, 0, 0, 0, 0, 0, 0, 0, 0]], "TRAIN_GPU_power.draw": [[19.961, 19.961, 30.019, 44.426, 47.502, 47.597, 48.459, 63.866, 64.665, 64.905, 64.771, 64.687, 64.884, 64.557, 65.033, 64.594, 65.034, 64.775, 65.165, 64.869, 64.614, 64.707, 64.536, 64.928, 64.765, 65.036], [19.892, 19.892, 28.143, 44.274, 47.472, 48.11, 48.764, 63.408, 64.55, 64.28, 64.422, 64.626, 64.583, 64.703, 64.578, 64.931, 64.662, 64.827, 64.64, 64.688, 65.178, 64.807, 64.874, 64.602, 64.931, 64.521]], "TRAIN_GPU_memory.used": [[131072, 131072, 123731968, 130023424, 130023424, 130023424, 130023424, 130023424, 130023424, 130023424, 130023424, 130023424, 130023424, 130023424, 130023424, 130023424, 130023424, 130023424, 130023424, 130023424, 130023424, 130023424, 130023424, 130023424, 130023424, 130023424], [131072, 131072, 123731968, 130023424, 130023424, 130023424, 130023424, 130023424, 130023424, 130023424, 130023424, 130023424, 130023424, 130023424, 130023424, 130023424, 130023424, 130023424, 130023424, 130023424, 130023424, 130023424, 130023424, 130023424, 130023424, 130023424]], "TRAIN_GPU_timestamp": [[1618955056405.241, 1618955056409.861, 1618955056507.906, 1618955056608.366, 1618955056708.542, 1618955056809.0078, 1618955056909.493, 1618955057009.959, 1618955057110.429, 1618955057210.938, 1618955057311.398, 1618955057411.895, 1618955057512.321, 1618955057612.8982, 1618955057713.2559, 1618955057813.784, 1618955057914.2202, 1618955058014.6848, 1618955058115.171, 1618955058215.652, 1618955058316.131, 1618955058416.593, 1618955058517.0642, 1618955058617.531, 1618955058718.003, 1618955058818.475], [1618955110018.111, 1618955110022.113, 1618955110120.7322, 1618955110221.233, 1618955110321.664, 1618955110422.133, 1618955110522.583, 1618955110623.048, 1618955110723.5361, 1618955110824.066, 1618955110924.4731, 1618955111024.986, 1618955111125.084, 1618955111225.5881, 1618955111326.0242, 1618955111426.49, 1618955111526.968, 1618955111627.437, 1618955111727.911, 1618955111828.399, 1618955111928.8699, 1618955112029.339, 1618955112129.813, 1618955112230.277, 1618955112330.7769, 1618955112431.249]], "APPLY_GPU_temperature": [[35, 35, 36, 36, 36, 36, 36, 37, 37, 37, 37, 37, 37, 37, 37, 37], [35, 35, 36, 36, 36, 36, 37, 37, 37, 37, 37, 37, 37, 37, 37, 37]], "APPLY_GPU_util.gpu": [[0, 0, 6, 6, 35, 35, 72, 72, 69, 69, 69, 69, 69, 69, 69, 69], [0, 0, 6, 6, 35, 35, 72, 72, 69, 69, 69, 69, 69, 69, 69, 69]], "APPLY_GPU_util.memory": [[0, 0, 0, 0, 0, 0, 0, 0, 0, 0, 0, 0, 0, 0, 0, 0], [0, 0, 0, 0, 0, 0, 0, 0, 0, 0, 0, 0, 0, 0, 0, 0]], "APPLY_GPU_power.draw": [[19.927, 19.927, 29.677, 44.327, 47.39, 47.957, 48.287, 63.74, 64.535, 64.964, 64.88, 64.709, 64.634, 64.924, 65.031, 64.908], [19.81, 19.81, 30.13, 44.246, 47.264, 47.847, 48.227, 63.676, 64.708, 64.707, 64.696, 64.711, 64.785, 65.014, 64.958, 64.854]], "APPLY_GPU_memory.used": [[131072, 131072, 125829120, 130023424, 130023424, 130023424, 130023424, 130023424, 130023424, 130023424, 130023424, 130023424, 130023424, 130023424, 130023424, 130023424], [131072, 131072, 123731968, 130023424, 130023424, 130023424, 130023424, 130023424, 130023424, 130023424, 130023424, 130023424, 130023424, 130023424, 130023424, 130023424]], "APPLY_GPU_timestamp": [[1618955063481.94, 1618955063485.547, 1618955063584.523, 1618955063684.952, 1618955063785.381, 1618955063885.8572, 1618955063986.292, 1618955064086.831, 1618955064187.277, 1618955064287.762, 1618955064388.199, 1618955064488.717, 1618955064589.153, 1618955064689.6702, 1618955064790.0889, 1618955064890.753], [1618955117179.83, 1618955117183.721, 1618955117282.502, 1618955117382.969, 1618955117483.4238, 1618955117583.862, 1618955117684.329, 1618955117784.807, 1618955117885.272, 1618955117985.7932, 1618955118086.219, 1618955118186.855, 1618955118287.178, 1618955118387.682, 1618955118488.146, 1618955118588.585]], "APPLY_GPU_Accuracy": [0.5703125, 0.546875]}