{"DURATION": 63.28853, "package-0": 41.798607725602096, "dram": 6.420748814990647}