{"DURATION": 0.010261, "package-0": 15.66182633271611, "dram": 4.458337394016178}