{"x_train_bytes": 2700000, "x_test_bytes": 900000, "x_train_shape": [37500, 36], "x_test_shape": [12500, 36], "repeats": 5, "start": 1614956104.490451, "predict_iters": 50, "train_iters": 50, "predict_samples": 50, "train_lbp_iters": 5, "modeltype": "MRF", "inferencetype": "BP", "graph_type": "grid", "states": 2, "vertices": 36, "config_id": "MRF_Belief_Propagation_CPU", "TRAIN_MEMORY_PRE": [116723712, 116580352, 117121024, 116736000, 116998144], "TRAIN_MEMORY_ENC": [[116723712, 1, 119787520, 5], [116580352, 1, 119676928, 4], [117121024, 1, 120127488, 5], [116736000, 1, 119853056, 5], [116998144, 1, 120053760, 4]], "APPLY_MEMORY_PRE": [116498432, 116301824, 116740096, 116609024, 116461568], "APPLY_MEMORY_ENC": [[116498432, 1, 119681024, 1], [116301824, 1], [116740096, 1, 119799808, 1], [116609024, 1, 119549952, 1], [116461568, 1, 119578624, 1]], "TRAIN_ENERGY_DURATION": [0.040757, 0.04213, 0.04492, 0.043997, 0.042441], "TRAIN_ENERGY_package-0": [29.71705473906323, 28.99632091146451, 28.014692787177204, 27.582767006841376, 28.60121109304682], "TRAIN_ENERGY_dram": [6.333292440562357, 6.317208639924044, 5.808682101513802, 6.044253017251177, 6.434933201385452], "APPLY_ENERGY_DURATION": [0.008196, 0.010756, 0.011256, 0.008745, 0.01006], "APPLY_ENERGY_package-0": [22.519399707174234, 17.789605801413163, 18.452558635394457, 23.12978845054317, 19.81510934393638], "APPLY_ENERGY_dram": [6.21254270375793, 4.7581814801041284, 4.495113717128643, 6.121783876500858, 5.13141153081511], "TRAIN_RUNTIME_WCT": [0.04240059852600098, 0.04187512397766113, 0.04104495048522949, 0.04352617263793945, 0.042208194732666016], "APPLY_RUNTIME_WCT": [0.008836030960083008, 0.010793685913085938, 0.010766267776489258, 0.008557796478271484, 0.00767827033996582], "name": "grid_nodes6_states2_nsamples50000"}