{"DURATION": 2829.206242, "package-0": 41.81634449256951, "dram": 6.432116662564608}