{"DURATION": 0.410141, "package-0": 40.87120770661797, "dram": 6.32489802287506, "Accuracy": 0.5693877551020409}