{"WCT": 0.022774696350097656, "Accuracy": 0.5611111111111111}