{"DURATION": 46.476347, "package-0": 44.8195624755104, "dram": 6.59630891386537}