{"DURATION": 0.948977, "package-0": 34.76249371691833, "dram": 6.0167854436935775, "Accuracy": 0.5792899408284023}