{"DURATION": 0.247245, "package-0": 30.18954478351433, "dram": 6.1421545430645725}