{"DURATION": 0.182746, "package-0": 26.184337824083702, "dram": 6.026785812001358}