{"DURATION": 2.219373, "package-0": 41.72244278001039, "dram": 6.402032465926188}