{"DURATION": 0.013743, "package-0": 20.025249217783596, "dram": 4.860656334133741}