{"DURATION": 1.058846, "package-0": 34.49486327567938, "dram": 5.92839090859294}