{"DURATION": 0.008745, "package-0": 23.12978845054317, "dram": 6.121783876500858}