{"WCT": 2.782857894897461, "Accuracy": 0.5518518518518518}