{"WCT": 0.025098800659179688, "Accuracy": 0.572189349112426}