{"DURATION": 0.234159, "package-0": 39.05438185164781, "dram": 6.427384811175313}