{"DURATION": 0.962318, "package-0": 39.48693363316492, "dram": 6.3383393015614375}