{"repeats": 2, "start": 1618849771.9025903, "name": "grid_nodes8_states2_nsamples50000", "cl_name": "Grid8", "graph_type": "grid", "states": 2, "vertices": 64, "seed": 876, "predict_samples": 50, "config_id": "MRF_Belief_Propagation_cpu", "uses_gpu": false, "predict_iters": 50, "train_iters": 50, "train_lbp_iters": 5, "modeltype": "MRF", "inferencetype": "BP", "TRAIN_MEMORY_PRE": [1053904896, 1053638656], "TRAIN_MEMORY_ENC": [[1053904896, 1, 1055248384, 6], [1053638656, 1, 1054982144, 5]], "APPLY_MEMORY_PRE": [1053593600, 1053634560], "APPLY_MEMORY_ENC": [[1053593600, 1], [1053634560, 1]], "APPLY_MEMORY_Accuracy": [0.6140625, 0.55], "TRAIN_ENERGY_DURATION": [0.067138, 0.064702], "TRAIN_ENERGY_package-0": [40.58211445083261, 41.715712033631114], "TRAIN_ENERGY_dram": [6.004423724269415, 6.186485734598622], "APPLY_ENERGY_DURATION": [0.01755, 0.016035], "APPLY_ENERGY_package-0": [29.64461538461539, 29.248082319925164], "APPLY_ENERGY_dram": [4.737321937321938, 4.407296538821328], "APPLY_ENERGY_Accuracy": [0.5890625, 0.5828125], "TRAIN_RUNTIME_WCT": [0.06103348731994629, 0.061125755310058594], "APPLY_RUNTIME_WCT": [0.017141103744506836, 0.017911672592163086], "APPLY_RUNTIME_Accuracy": [0.590625, 0.5734375]}