{"repeats": 2, "start": 1618926905.4560409, "name": "grid_nodes14_states2_nsamples50000", "cl_name": "Grid14", "graph_type": "grid", "states": 2, "vertices": 196, "seed": 876, "predict_samples": 50, "config_id": "MRF_Belief_Propagation_gpu", "uses_gpu": true, "predict_iters": 50, "train_iters": 50, "train_lbp_iters": 5, "modeltype": "MRF", "inferencetype": "BP", "TRAIN_MEMORY_PRE": [1083125760, 1083158528], "TRAIN_MEMORY_ENC": [[1083125760, 1, 1084469248, 11, 1087352832, 78, 1092190208, 3, 1093001216, 1, 1173012480, 1, 1190047744, 1, 1180598272, 16], [1083158528, 1, 1084502016, 11, 1087385600, 80, 1092222976, 4, 1171693568, 1, 1186836480, 1, 1179820032, 13]], "APPLY_MEMORY_PRE": [1083084800, 1083142144], "APPLY_MEMORY_ENC": [[1083084800, 1, 1087062016, 77, 1091964928, 3, 1092775936, 1, 1172783104, 1, 1193066496, 1, 1179336704, 1, 1181655040, 21], [1083142144, 1, 1087242240, 77, 1092079616, 4, 1170948096, 1, 1186091008, 1, 1179611136, 24]], "APPLY_MEMORY_Accuracy": [0.5943877551020408, 0.5535714285714286], "TRAIN_ENERGY_DURATION": [1.080875, 1.076481], "TRAIN_ENERGY_package-0": [36.21634971666474, 36.32613302046204], "TRAIN_ENERGY_dram": [6.072452411240893, 6.133368819328906], "APPLY_ENERGY_DURATION": [1.022463, 0.997794], "APPLY_ENERGY_package-0": [35.71867637264136, 35.34717286333652], "APPLY_ENERGY_dram": [6.073100933725719, 6.018404600548811], "APPLY_ENERGY_Accuracy": [0.5551020408163265, 0.576530612244898], "TRAIN_RUNTIME_WCT": [1.0925405025482178, 1.1270825862884521], "APPLY_RUNTIME_WCT": [1.0130250453948975, 1.0067968368530273], "APPLY_RUNTIME_Accuracy": [0.5775510204081633, 0.5826530612244898], "TRAIN_GPU_temperature": [[32, 32, 32, 33], [32, 32, 32, 33]], "TRAIN_GPU_util.gpu": [[0, 0, 6, 6], [0, 0, 6, 6]], "TRAIN_GPU_util.memory": [[0, 0, 0, 0], [0, 0, 0, 0]], "TRAIN_GPU_power.draw": [[19.247, 19.247, 28.155, 47.234], [19.545, 19.545, 30.074, 47.632]], "TRAIN_GPU_memory.used": [[131072, 131072, 127926272, 127926272], [131072, 131072, 127926272, 127926272]], "TRAIN_GPU_timestamp": [[1618934140152.512, 1618934140156.31, 1618934140255.099, 1618934140355.531], [1618934180971.397, 1618934180975.535, 1618934181074.0261, 1618934181174.4521]], "APPLY_GPU_temperature": [[32, 32, 32, 33, 33], [32, 32, 33, 33, 33]], "APPLY_GPU_util.gpu": [[0, 0, 6, 6, 69], [0, 0, 6, 6, 69]], "APPLY_GPU_util.memory": [[0, 0, 0, 0, 0], [0, 0, 0, 0, 0]], "APPLY_GPU_power.draw": [[19.329, 19.329, 29.834, 48.134, 53.007], [19.541, 19.541, 27.757, 47.713, 53.047]], "APPLY_GPU_memory.used": [[131072, 131072, 127926272, 127926272, 127926272], [131072, 131072, 127926272, 127926272, 127926272]], "APPLY_GPU_timestamp": [[1618934145047.2341, 1618934145050.807, 1618934145149.8352, 1618934145250.256, 1618934145350.7358], [1618934186018.011, 1618934186021.956, 1618934186120.59, 1618934186221.009, 1618934186321.468]], "APPLY_GPU_Accuracy": [0.5438775510204081, 0.5571428571428572]}