{"DURATION": 168.013547, "package-0": 41.98061240264156, "dram": 6.464542350266553}