{"DURATION": 0.300745, "package-0": 29.724081863372625, "dram": 6.060170576401935}