{"DURATION": 0.93008, "package-0": 34.60058704627559, "dram": 5.957932650954756}