{"DURATION": 191.782499, "package-0": 41.98339896488678, "dram": 6.438400867849782}