{"DURATION": 0.141449, "package-0": 43.215413329185786, "dram": 6.312579092110938}