{"DURATION": 63.24594, "package-0": 41.8643193065041, "dram": 6.401943523963752}