{"repeats": 2, "start": 1618947534.5195763, "name": "grid_nodes5_states2_nsamples50000", "cl_name": "Grid5", "graph_type": "grid", "states": 2, "vertices": 25, "seed": 876, "predict_samples": 50, "config_id": "MRF_Junction_Tree_gpu", "uses_gpu": true, "predict_iters": 50, "train_iters": 50, "train_lbp_iters": 5, "modeltype": "MRF", "inferencetype": "JT", "TRAIN_MEMORY_PRE": [1048670208, 1048731648], "TRAIN_MEMORY_ENC": [[1048670208, 1, 1050013696, 1, 1053646848, 83, 1138372608, 1, 1158987776, 1, 1144979456, 1, 1151217664, 1, 1151488000, 1, 1153875968, 69], [1048731648, 1, 1050075136, 1, 1053609984, 80, 1121366016, 2, 1138397184, 1, 1158742016, 1, 1145008128, 1, 1150976000, 1, 1151516672, 1, 1153859584, 69, 1152397312, 1]], "APPLY_MEMORY_PRE": [1048440832, 1048444928], "APPLY_MEMORY_ENC": [[1048440832, 1, 1053167616, 82, 1137954816, 1, 1158299648, 1, 1144565760, 2, 1150050304, 1, 1154752512, 38], [1048444928, 1, 1053110272, 80, 1137836032, 1, 1158119424, 1, 1144377344, 1, 1148870656, 1, 1152114688, 1, 1154457600, 36, 1152876544, 1]], "APPLY_MEMORY_Accuracy": [0.524, 0.56], "TRAIN_ENERGY_DURATION": [1.574881, 1.557585], "TRAIN_ENERGY_package-0": [37.49359094433167, 38.17749400514258], "TRAIN_ENERGY_dram": [6.070964726858728, 6.135696607247759], "APPLY_ENERGY_DURATION": [1.215213, 1.210503], "APPLY_ENERGY_package-0": [36.16405601322566, 36.678842596837846], "APPLY_ENERGY_dram": [5.980949018813985, 6.098788685364679], "APPLY_ENERGY_Accuracy": [0.56, 0.568], "TRAIN_RUNTIME_WCT": [1.5555570125579834, 1.574883222579956], "APPLY_RUNTIME_WCT": [1.2180430889129639, 1.2154591083526611], "APPLY_RUNTIME_Accuracy": [0.544, 0.548], "TRAIN_GPU_temperature": [[35, 35, 36, 36, 36, 36, 37, 37, 37, 37], [35, 35, 35, 36, 36, 36, 36, 36, 36, 37]], "TRAIN_GPU_util.gpu": [[0, 0, 6, 6, 39, 39, 75, 75, 69, 69], [0, 0, 6, 6, 38, 38, 75, 75, 69, 69]], "TRAIN_GPU_util.memory": [[0, 0, 0, 0, 0, 0, 0, 0, 0, 0], [0, 0, 0, 0, 0, 0, 0, 0, 0, 0]], "TRAIN_GPU_power.draw": [[20.059, 20.059, 28.973, 44.421, 46.571, 46.621, 47.644, 61.275, 62.448, 62.428], [19.68, 19.68, 28.451, 44.08, 46.365, 46.352, 47.412, 61.109, 62.217, 62.138]], "TRAIN_GPU_memory.used": [[131072, 131072, 125829120, 130023424, 130023424, 130023424, 130023424, 130023424, 130023424, 130023424], [131072, 131072, 125829120, 130023424, 130023424, 130023424, 130023424, 130023424, 130023424, 130023424]], "TRAIN_GPU_timestamp": [[1618954771565.5552, 1618954771569.664, 1618954771668.333, 1618954771768.6802, 1618954771869.111, 1618954771969.5808, 1618954772070.05, 1618954772170.521, 1618954772271.005, 1618954772371.5168], [1618954815285.9011, 1618954815290.329, 1618954815388.53, 1618954815488.961, 1618954815589.4102, 1618954815689.876, 1618954815790.332, 1618954815890.845, 1618954815991.313, 1618954816091.8]], "APPLY_GPU_temperature": [[35, 35, 36, 36, 36, 36, 37], [35, 35, 35, 36, 36, 36, 36]], "APPLY_GPU_util.gpu": [[0, 0, 6, 6, 42, 42, 74], [0, 0, 6, 6, 39, 39, 75]], "APPLY_GPU_util.memory": [[0, 0, 0, 0, 0, 0, 0], [0, 0, 0, 0, 0, 0, 0]], "APPLY_GPU_power.draw": [[19.836, 19.836, 30.232, 44.559, 46.832, 49.091, 48.921], [19.589, 19.589, 28.353, 44.199, 46.502, 46.212, 47.346]], "APPLY_GPU_memory.used": [[131072, 131072, 125829120, 130023424, 130023424, 130023424, 130023424], [131072, 131072, 125829120, 130023424, 130023424, 130023424, 130023424]], "APPLY_GPU_timestamp": [[1618954777111.738, 1618954777115.4111, 1618954777214.316, 1618954777314.82, 1618954777415.22, 1618954777515.685, 1618954777616.147], [1618954821148.747, 1618954821152.395, 1618954821251.2852, 1618954821351.809, 1618954821452.217, 1618954821552.688, 1618954821653.1538]], "APPLY_GPU_Accuracy": [0.512, 0.576]}