{"DURATION": 0.037857, "package-0": 32.6787119951396, "dram": 6.360540983173522}