{"DURATION": 0.011599, "package-0": 28.125959134408138, "dram": 4.281748426588499, "Accuracy": 0.5833333333333334}