{"DURATION": 0.012573, "package-0": 30.383997454863596, "dram": 4.318778334526366, "Accuracy": 0.6111111111111112}