{"DURATION": 0.104882, "package-0": 29.10746362578898, "dram": 6.3811521519421825}