{"DURATION": 0.183275, "package-0": 36.529750375119356, "dram": 6.4301295866866734}