{"DURATION": 8.223551, "package-0": 41.86655144474692, "dram": 6.444619240520305}