{"DURATION": 73.672326, "package-0": 41.721415854305995, "dram": 6.39001822746848, "Accuracy": 0.5590277777777778}