{"DURATION": 0.201471, "package-0": 24.61715581895161, "dram": 5.7961542852321175}