{"DURATION": 0.843975, "package-0": 33.870076720282, "dram": 5.900064575372493}