{"DURATION": 0.950723, "package-0": 38.57380330548435, "dram": 6.316202511141522}