{"DURATION": 1.045001, "package-0": 34.89294651392678, "dram": 5.933861307309754}