{"DURATION": 491.932178, "package-0": 41.91652395221033, "dram": 6.445490725756102}