{"DURATION": 0.997794, "package-0": 35.34717286333652, "dram": 6.018404600548811, "Accuracy": 0.576530612244898}