{"DURATION": 0.204964, "package-0": 27.96162252883433, "dram": 6.106818758416112}