{"DURATION": 0.014138, "package-0": 19.914768708445326, "dram": 5.716155043146131}