{"DURATION": 0.197693, "package-0": 28.948657767346337, "dram": 6.0955269028240755}