{"DURATION": 0.209008, "package-0": 29.485493378243895, "dram": 6.186308658041797}