{"DURATION": 0.171965, "package-0": 26.28765737213968, "dram": 6.152472886924664}