{"DURATION": 0.130017, "package-0": 31.02332002738104, "dram": 6.263473238115016}