{"repeats": 2, "start": 1618849260.853874, "name": "grid_nodes11_states2_nsamples50000", "cl_name": "Grid11", "graph_type": "grid", "states": 2, "vertices": 121, "seed": 876, "predict_samples": 50, "config_id": "MRF_Belief_Propagation_cpu", "uses_gpu": false, "predict_iters": 50, "train_iters": 50, "train_lbp_iters": 5, "modeltype": "MRF", "inferencetype": "BP", "TRAIN_MEMORY_PRE": [1070297088, 1069887488], "TRAIN_MEMORY_ENC": [[1070297088, 1, 1071640576, 11], [1069887488, 1, 1071230976, 11]], "APPLY_MEMORY_PRE": [1069854720, 1069903872], "APPLY_MEMORY_ENC": [[1069854720, 1, 1071198208, 1], [1069903872, 1, 1071247360, 1]], "APPLY_MEMORY_Accuracy": [0.5793388429752067, 0.5661157024793388], "TRAIN_ENERGY_DURATION": [0.121575, 0.118856], "TRAIN_ENERGY_package-0": [43.06011104256631, 43.03918186713334], "TRAIN_ENERGY_dram": [6.376853793954349, 6.420399474994952], "APPLY_ENERGY_DURATION": [0.021757, 0.018527], "APPLY_ENERGY_package-0": [38.11564094314473, 43.98661413072813], "APPLY_ENERGY_dram": [6.11591671645907, 6.303502995628003], "APPLY_ENERGY_Accuracy": [0.5669421487603306, 0.5661157024793388], "TRAIN_RUNTIME_WCT": [0.11528682708740234, 0.11944031715393066], "APPLY_RUNTIME_WCT": [0.01949000358581543, 0.017612934112548828], "APPLY_RUNTIME_Accuracy": [0.5743801652892562, 0.5834710743801653]}