{"DURATION": 0.659273, "package-0": 35.32916864485578, "dram": 6.139048618705757}