{"DURATION": 0.039696, "package-0": 27.591520556227326, "dram": 6.251662636033857}