{"DURATION": 0.10778, "package-0": 37.94215995546484, "dram": 6.100686583781778}