{"repeats": 2, "start": 1618930728.6260948, "name": "grid_nodes10_states2_nsamples50000", "cl_name": "Grid10", "graph_type": "grid", "states": 2, "vertices": 100, "seed": 876, "predict_samples": 50, "config_id": "MRF_Junction_Tree_gpu", "uses_gpu": true, "predict_iters": 50, "train_iters": 50, "train_lbp_iters": 5, "modeltype": "MRF", "inferencetype": "JT", "TRAIN_MEMORY_PRE": [1066999808, 1066565632], "TRAIN_MEMORY_ENC": [[1066999808, 1, 1068343296, 5, 1069834240, 9, 1071869952, 80, 1076707328, 3, 1077518336, 1, 1157652480, 1, 1169465344, 1, 1166450688, 1, 1169911808, 3, 1172434944, 1, 1177423872, 1, 1178910720, 1, 1179426816, 1, 1180028928, 1, 1181650944, 1, 1182978048, 1, 1183789056, 1, 1184870400, 1, 1185681408, 1, 1186492416, 1, 1187573760, 1, 1188655104, 1, 1189736448, 1, 1190547456, 1, 1191088128, 1, 1191899136, 1, 1192710144, 1, 1193521152, 1, 1194332160, 1, 1195143168, 1, 1195954176, 1, 1197305856, 1, 1198387200, 1, 1199198208, 1, 1200009216, 1, 1200611328, 1, 1200881664, 1, 1201422336, 1, 1201692672, 1, 1202626560, 1, 1204580352, 1, 1213489152, 1, 1216389120, 5, 1216929792, 2, 1217200128, 1, 1217470464, 1, 1218551808, 5, 1219633152, 1, 1220173824, 4, 1220444160, 2, 1220984832, 1, 1221795840, 1, 1222066176, 4, 1224290304, 1, 1232400384, 77, 1234993152, 485], [1066565632, 1, 1067909120, 14, 1069932544, 1, 1071054848, 85, 1153495040, 1, 1160482816, 1, 1173299200, 1, 1164288000, 1, 1166184448, 1, 1169342464, 1, 1172316160, 1, 1175830528, 2, 1177993216, 510]], "APPLY_MEMORY_PRE": [1066749952, 1065865216], "APPLY_MEMORY_ENC": [[1066749952, 1, 1068093440, 8, 1071194112, 80, 1076097024, 3, 1076908032, 1, 1156915200, 1, 1168064512, 1, 1165590528, 1, 1167101952, 1, 1170526208, 1, 1172959232, 1, 1176473600, 2, 1178484736, 320], [1065865216, 1, 1067208704, 8, 1070481408, 84, 1155145728, 1, 1169481728, 1, 1163755520, 1, 1164992512, 1, 1166733312, 1, 1173221376, 1, 1174032384, 2, 1176317952, 319]], "APPLY_MEMORY_Accuracy": [0.549, 0.563], "TRAIN_ENERGY_DURATION": [6.216587, 6.237187], "TRAIN_ENERGY_package-0": [42.021427674059744, 42.08176891281278], "TRAIN_ENERGY_dram": [6.377048692473862, 6.364410590864119], "APPLY_ENERGY_DURATION": [4.272953, 4.248232], "APPLY_ENERGY_package-0": [40.51915829638192, 40.45689783420491], "APPLY_ENERGY_dram": [6.359438074792772, 6.3190913302286695], "APPLY_ENERGY_Accuracy": [0.555, 0.558], "TRAIN_RUNTIME_WCT": [6.260340929031372, 6.2083964347839355], "APPLY_RUNTIME_WCT": [4.253700256347656, 4.227918863296509], "APPLY_RUNTIME_Accuracy": [0.552, 0.53], "TRAIN_GPU_temperature": [[34, 34, 34, 35, 35, 35, 35, 36, 36, 36, 36, 36, 36, 36, 36, 36, 36, 36, 36, 36, 36, 36, 36, 36, 36, 36, 36, 36, 36, 36, 36, 36, 36, 36, 36, 36, 36, 36, 36, 36, 36, 36, 37, 37, 37, 37, 37, 37, 37, 37, 37, 37, 37, 37, 37], [36, 36, 36, 36, 36, 37, 37, 37, 38, 38, 38, 38, 38, 38, 38, 38, 38, 38, 38, 38, 38, 38, 38, 38, 38, 38, 38, 38, 38, 38, 38, 38, 38, 38, 38, 38, 38, 38, 38, 38, 38, 38, 38, 38, 38, 38, 38, 38, 38, 38, 38, 38, 38, 38, 38]], "TRAIN_GPU_util.gpu": [[0, 0, 6, 6, 35, 35, 81, 81, 79, 79, 79, 79, 79, 79, 79, 79, 79, 79, 80, 80, 79, 79, 79, 79, 79, 79, 79, 79, 79, 79, 79, 79, 79, 79, 79, 79, 79, 79, 80, 80, 79, 79, 79, 79, 79, 79, 79, 79, 79, 79, 79, 79, 79, 79, 79], [0, 0, 6, 6, 37, 37, 81, 81, 79, 79, 79, 79, 79, 79, 79, 79, 79, 79, 79, 79, 80, 80, 79, 79, 79, 79, 79, 79, 79, 79, 79, 79, 79, 79, 79, 79, 79, 79, 79, 79, 80, 80, 79, 79, 79, 79, 79, 79, 79, 79, 79, 79, 79, 79, 79]], "TRAIN_GPU_util.memory": [[0, 0, 0, 0, 0, 0, 0, 0, 0, 0, 0, 0, 0, 0, 0, 0, 0, 0, 0, 0, 0, 0, 0, 0, 0, 0, 0, 0, 0, 0, 0, 0, 0, 0, 0, 0, 0, 0, 0, 0, 0, 0, 0, 0, 0, 0, 0, 0, 0, 0, 0, 0, 0, 0, 0], [0, 0, 0, 0, 0, 0, 0, 0, 0, 0, 0, 0, 0, 0, 0, 0, 0, 0, 0, 0, 0, 0, 0, 0, 0, 0, 0, 0, 0, 0, 0, 0, 0, 0, 0, 0, 0, 0, 0, 0, 0, 0, 0, 0, 0, 0, 0, 0, 0, 0, 0, 0, 0, 0, 0]], "TRAIN_GPU_power.draw": [[19.87, 19.87, 30.21, 44.127, 48.469, 49.986, 49.85, 67.248, 69.161, 69.288, 69.324, 69.3, 69.093, 69.199, 69.066, 69.186, 69.165, 69.15, 69.402, 69.414, 69.529, 69.64, 69.44, 69.159, 69.04, 69.096, 68.779, 68.985, 69.305, 69.416, 69.504, 69.404, 69.503, 69.191, 69.31, 69.461, 69.25, 69.341, 69.247, 69.594, 69.551, 69.402, 69.433, 69.158, 69.103, 68.925, 68.953, 68.865, 68.928, 69.288, 69.517, 69.554, 69.465, 69.517, 69.415], [19.96, 19.96, 29.525, 44.423, 48.859, 50.246, 50.483, 67.643, 69.629, 70.171, 70.324, 70.245, 70.417, 70.269, 70.091, 70.173, 70.2, 70.176, 70.051, 70.253, 70.553, 70.475, 70.401, 70.294, 70.077, 69.901, 69.907, 69.999, 69.885, 69.906, 70.533, 70.379, 70.327, 70.317, 70.368, 70.137, 70.215, 70.277, 70.223, 70.149, 70.021, 70.285, 70.396, 70.46, 70.362, 70.051, 70.012, 70.137, 70.049, 69.943, 69.975, 70.492, 70.53, 70.496, 70.457]], "TRAIN_GPU_memory.used": [[131072, 131072, 127926272, 130023424, 130023424, 130023424, 130023424, 130023424, 130023424, 130023424, 130023424, 130023424, 130023424, 130023424, 130023424, 130023424, 130023424, 130023424, 130023424, 130023424, 130023424, 130023424, 130023424, 130023424, 130023424, 130023424, 130023424, 130023424, 130023424, 130023424, 130023424, 130023424, 130023424, 130023424, 130023424, 130023424, 130023424, 130023424, 130023424, 130023424, 130023424, 130023424, 130023424, 130023424, 130023424, 130023424, 130023424, 130023424, 130023424, 130023424, 130023424, 130023424, 130023424, 130023424, 130023424], [131072, 131072, 123731968, 130023424, 130023424, 130023424, 130023424, 130023424, 130023424, 130023424, 130023424, 130023424, 130023424, 130023424, 130023424, 130023424, 130023424, 130023424, 130023424, 130023424, 130023424, 130023424, 130023424, 130023424, 130023424, 130023424, 130023424, 130023424, 130023424, 130023424, 130023424, 130023424, 130023424, 130023424, 130023424, 130023424, 130023424, 130023424, 130023424, 130023424, 130023424, 130023424, 130023424, 130023424, 130023424, 130023424, 130023424, 130023424, 130023424, 130023424, 130023424, 130023424, 130023424, 130023424, 130023424]],