{"repeats": 2, "start": 1618850713.1578693, "name": "grid_nodes12_states2_nsamples50000", "cl_name": "Grid12", "graph_type": "grid", "states": 2, "vertices": 144, "seed": 876, "predict_samples": 50, "config_id": "MRF_Junction_Tree_cpu", "uses_gpu": false, "predict_iters": 50, "train_iters": 50, "train_lbp_iters": 5, "modeltype": "MRF", "inferencetype": "JT", "TRAIN_MEMORY_PRE": [1074139136, 1074008064], "TRAIN_MEMORY_ENC": [[1074139136, 1, 1075482624, 9, 1084882944, 1, 1088937984, 6621, 1089204224, 183, 1089212416, 6495, 1089478656, 1386, 1089536000, 4408], [1074008064, 1, 1075351552, 9, 1080905728, 1, 1088745472, 6495, 1089011712, 309, 1089019904, 6369, 1089286144, 1386, 1089343488, 4595]], "APPLY_MEMORY_PRE": [1074077696, 1073934336], "APPLY_MEMORY_ENC": [[1074077696, 1, 1075421184, 1, 1088557056, 5699, 1088819200, 351, 1088827392, 2341], [1073934336, 1, 1075277824, 1, 1088475136, 5573, 1088733184, 477, 1088741376, 2327]], "APPLY_MEMORY_Accuracy": [0.5847222222222223, 0.5631944444444444], "TRAIN_ENERGY_DURATION": [168.062448, 167.9605], "TRAIN_ENERGY_package-0": [41.915941989610914, 41.666394777343484], "TRAIN_ENERGY_dram": [6.398957541068307, 6.38308160549653], "APPLY_ENERGY_DURATION": [73.672326, 73.636374], "APPLY_ENERGY_package-0": [41.721415854305995, 41.700516350791524], "APPLY_ENERGY_dram": [6.39001822746848, 6.380551926687754], "APPLY_ENERGY_Accuracy": [0.5590277777777778, 0.5631944444444444], "TRAIN_RUNTIME_WCT": [167.91373944282532, 167.98119354248047], "APPLY_RUNTIME_WCT": [73.6491129398346, 73.76324653625488], "APPLY_RUNTIME_Accuracy": [0.5875, 0.5361111111111111]}