{"DURATION": 0.208123, "package-0": 28.751901519774364, "dram": 6.119395741941064}