{"DURATION": 0.127468, "package-0": 31.330545705588854, "dram": 6.397252643800797}