{"DURATION": 0.009353, "package-0": 16.085854805944617, "dram": 3.8310702448412277}