{"DURATION": 0.456996, "package-0": 34.17562516958573, "dram": 6.097521641327276}