{"DURATION": 0.868453, "package-0": 34.2635375777388, "dram": 5.965103465587659, "Accuracy": 0.5625}