{"x_train_bytes": 10800000, "x_test_bytes": 3600000, "x_train_shape": [37500, 144], "x_test_shape": [12500, 144], "repeats": 5, "start": 1614956431.170345, "predict_iters": 50, "train_iters": 50, "predict_samples": 50, "train_lbp_iters": 5, "modeltype": "MRF", "inferencetype": "BP", "graph_type": "grid", "states": 2, "vertices": 144, "config_id": "MRF_Belief_Propagation_CPU", "TRAIN_MEMORY_PRE": [138657792, 138362880, 138481664, 138158080, 138268672], "TRAIN_MEMORY_ENC": [[138657792, 1, 140738560, 1, 141398016, 2, 141524992, 27], [138362880, 1, 140439552, 1, 141066240, 2, 141189120, 28], [138481664, 1, 141107200, 3, 141234176, 27], [138158080, 1, 140238848, 1, 140939264, 2, 141070336, 27], [138268672, 1, 140345344, 1, 140943360, 2, 141066240, 27]], "APPLY_MEMORY_PRE": [138510336, 138956800, 138375168, 138240000, 138969088], "APPLY_MEMORY_ENC": [[138510336, 1, 141082624, 1], [138956800, 1, 141455360, 2], [138375168, 1, 140902400, 1], [138240000, 1, 140800000, 1], [138969088, 1, 141512704, 2]], "TRAIN_ENERGY_DURATION": [0.154639, 0.157024, 0.15626, 0.158397, 0.157205], "TRAIN_ENERGY_package-0": [35.45846778626349, 35.20986600774404, 35.078522974529626, 35.619834971621934, 35.60650106548774], "TRAIN_ENERGY_dram": [6.445851305298146, 6.4377802119421235, 6.411788045565083, 6.44457281387905, 6.433771190483762], "APPLY_ENERGY_DURATION": [0.024588, 0.024714, 0.024133, 0.02482, 0.024182], "APPLY_ENERGY_package-0": [31.35403448836831, 30.9027676620539, 32.06658931753201, 31.506043513295733, 31.827433628318584], "APPLY_ENERGY_dram": [6.331462502033513, 6.250869952253784, 6.419135623420212, 6.5225221595487515, 6.455462740881647], "TRAIN_RUNTIME_WCT": [0.15620017051696777, 0.15698719024658203, 0.1572401523590088, 0.15642499923706055, 0.15378570556640625], "APPLY_RUNTIME_WCT": [0.023906707763671875, 0.023921489715576172, 0.024137258529663086, 0.02531886100769043, 0.024753332138061523], "name": "grid_nodes12_states2_nsamples50000"}