{"repeats": 2, "start": 1618890732.5710819, "name": "grid_nodes6_states2_nsamples50000", "cl_name": "Grid6", "graph_type": "grid", "states": 2, "vertices": 36, "seed": 876, "predict_samples": 50, "config_id": "MRF_Junction_Tree_cpu", "uses_gpu": false, "predict_iters": 50, "train_iters": 50, "train_lbp_iters": 5, "modeltype": "MRF", "inferencetype": "JT", "TRAIN_MEMORY_PRE": [1048887296, 1048723456], "TRAIN_MEMORY_ENC": [[1048887296, 1, 1050230784, 32], [1048723456, 1, 1050066944, 32]], "APPLY_MEMORY_PRE": [1048829952, 1048903680], "APPLY_MEMORY_ENC": [[1048829952, 1, 1050173440, 12], [1048903680, 1, 1050247168, 12]], "APPLY_MEMORY_Accuracy": [0.5638888888888889, 0.5638888888888889], "TRAIN_ENERGY_DURATION": [0.317219, 0.317776], "TRAIN_ENERGY_package-0": [40.83192999158311, 40.57367139116862], "TRAIN_ENERGY_dram": [6.33474665767183, 6.255034993202759], "APPLY_ENERGY_DURATION": [0.124362, 0.124411], "APPLY_ENERGY_package-0": [41.71377912867275, 41.881320783532004], "APPLY_ENERGY_dram": [6.514208520287547, 6.407230871868244], "APPLY_ENERGY_Accuracy": [0.5916666666666667, 0.5722222222222222], "TRAIN_RUNTIME_WCT": [0.30767154693603516, 0.306499719619751], "APPLY_RUNTIME_WCT": [0.1342945098876953, 0.12428689002990723], "APPLY_RUNTIME_Accuracy": [0.6111111111111112, 0.5472222222222223]}