{"DURATION": 0.344308, "package-0": 33.494371318703024, "dram": 6.215574427547429}