{"DURATION": 0.077802, "package-0": 43.91347266137117, "dram": 6.404398344515566}