{"DURATION": 0.535585, "package-0": 38.04857118851349, "dram": 6.343992083422799}