{"DURATION": 0.03844, "package-0": 23.855098855359, "dram": 5.381269510926119}