{"DURATION": 0.019391, "package-0": 26.209994327265225, "dram": 5.779640039193441}