{"DURATION": 0.398902, "package-0": 37.16720648179252, "dram": 6.358000210578037}