{"DURATION": 0.243297, "package-0": 32.4114148550948, "dram": 6.170511761345186}