{"DURATION": 0.208535, "package-0": 29.74642625938092, "dram": 6.114493969837198}