{"DURATION": 3.028238, "package-0": 40.270843969331345, "dram": 6.400091076064695}