{"DURATION": 191.863918, "package-0": 42.080393615228886, "dram": 6.424540241068151, "Accuracy": 0.5757396449704142}