{"DURATION": 6.868306, "package-0": 41.120961122000104, "dram": 6.34870476067898, "Accuracy": 0.5702479338842975}