{"DURATION": 0.024714, "package-0": 30.9027676620539, "dram": 6.250869952253784}