{"DURATION": 0.165161, "package-0": 25.317030049466883, "dram": 6.032792245142618}