{"DURATION": 0.428959, "package-0": 34.503721800918036, "dram": 6.166561372998352}