{"WCT": 25.09618878364563, "Accuracy": 0.5497041420118344}