{"DURATION": 0.108796, "package-0": 37.84645575204971, "dram": 6.143571454832898}