{"DURATION": 0.034698, "package-0": 23.21750533171941, "dram": 5.3363594443483775}