{"x_train_bytes": 6075000, "x_test_bytes": 2025000, "x_train_shape": [37500, 81], "x_test_shape": [12500, 81], "repeats": 5, "start": 1615057815.2903998, "predict_iters": 50, "train_iters": 50, "predict_samples": 50, "train_lbp_iters": 5, "modeltype": "MRF", "inferencetype": "JT", "graph_type": "grid", "states": 2, "vertices": 81, "config_id": "MRF_Junction_Tree_CPU", "TRAIN_MEMORY_PRE": [126095360, 125829120, 125960192, 125984768, 125808640], "TRAIN_MEMORY_ENC": [[126095360, 1, 128176128, 1, 128618496, 7, 129318912, 2063], [125829120, 1, 127909888, 1, 128647168, 7, 129282048, 2063], [125960192, 1, 128045056, 1, 128606208, 7, 129146880, 2058], [125984768, 1, 128065536, 1, 128667648, 7, 129286144, 2061], [125808640, 1, 127893504, 1, 128643072, 7, 129277952, 2065]], "APPLY_MEMORY_PRE": [125947904, 126439424, 126103552, 125644800, 126111744], "APPLY_MEMORY_ENC": [[125947904, 1, 128872448, 894], [126439424, 1, 129294336, 891], [126103552, 1, 129306624, 896], [125644800, 1, 128876544, 894], [126111744, 1, 129327104, 896]], "TRAIN_ENERGY_DURATION": [8.227946, 8.232432, 8.231375, 8.225041, 8.225912], "TRAIN_ENERGY_package-0": [41.86777757170502, 41.86457294758098, 41.84172765789433, 41.89303530523435, 41.8024178960339], "TRAIN_ENERGY_dram": [6.439875152316265, 6.4440731487366065, 6.428623528875795, 6.43302908763616, 6.437827562463592], "APPLY_ENERGY_DURATION": [3.572062, 3.57141, 3.567566, 3.570888, 3.569334], "APPLY_ENERGY_package-0": [41.6458566508644, 41.703225336771744, 41.711086213962126, 41.6604032386342, 41.21043337496575], "APPLY_ENERGY_dram": [6.447497551834207, 6.44994665972263, 6.432065167119544, 6.401706242256828, 6.408402800074187], "TRAIN_RUNTIME_WCT": [8.22318696975708, 8.228817462921143, 8.229493141174316, 8.228776931762695, 8.229797124862671], "APPLY_RUNTIME_WCT": [3.569183349609375, 3.5680418014526367, 3.571803092956543, 3.5707802772521973, 3.573241710662842], "name": "grid_nodes9_states2_nsamples50000"}