{"DURATION": 0.017523, "package-0": 24.632711293728242, "dram": 6.133824116874964}