{"WCT": 1.4316956996917725, "Accuracy": 0.5666666666666667}