{"DURATION": 73.659103, "package-0": 41.89303582749304, "dram": 6.446986097563529}