{"DURATION": 0.19798, "package-0": 26.938266491564804, "dram": 5.95886958278614}