{"DURATION": 0.157024, "package-0": 35.20986600774404, "dram": 6.4377802119421235}