{"DURATION": 0.019899, "package-0": 25.18815015829941, "dram": 5.8335092215689235}