{"DURATION": 0.355915, "package-0": 36.097793012376556, "dram": 6.345815714426197}