{"DURATION": 0.020702, "package-0": 29.812820017389623, "dram": 6.264998550864651}