{"repeats": 2, "start": 1618849495.6457458, "name": "grid_nodes2_states2_nsamples50000", "cl_name": "Grid2", "graph_type": "grid", "states": 2, "vertices": 4, "seed": 876, "predict_samples": 50, "config_id": "MRF_Belief_Propagation_cpu", "uses_gpu": false, "predict_iters": 50, "train_iters": 50, "train_lbp_iters": 5, "modeltype": "MRF", "inferencetype": "BP", "TRAIN_MEMORY_PRE": [1048743936, 1048522752], "TRAIN_MEMORY_ENC": [[1048743936, 1], [1048522752, 1]], "APPLY_MEMORY_PRE": [1048666112, 1048727552], "APPLY_MEMORY_ENC": [[1048666112, 1], [1048727552, 1]], "APPLY_MEMORY_Accuracy": [0.55, 0.525], "TRAIN_ENERGY_DURATION": [0.013686, 0.005265], "TRAIN_ENERGY_package-0": [28.283209118807537, 41.22317188983856], "TRAIN_ENERGY_dram": [4.254858979979541, 6.268186134852801], "APPLY_ENERGY_DURATION": [0.002153, 0.004205], "APPLY_ENERGY_package-0": [32.03437064561078, 26.27205707491082], "APPLY_ENERGY_dram": [6.22526706920576, 4.548156956004756], "APPLY_ENERGY_Accuracy": [0.55, 0.65], "TRAIN_RUNTIME_WCT": [0.00952458381652832, 0.005084037780761719], "APPLY_RUNTIME_WCT": [0.004396915435791016, 0.0015969276428222656], "APPLY_RUNTIME_Accuracy": [0.45, 0.575]}