{"DURATION": 0.018557, "package-0": 28.338470657972735, "dram": 6.299886835156545}