{"DURATION": 0.182621, "package-0": 36.735101658626334, "dram": 6.407165660028145}