{"DURATION": 0.156691, "package-0": 26.08334875646974, "dram": 6.158043537918579}