{"DURATION": 0.538918, "package-0": 39.08419833815163, "dram": 6.348676422015965}