{"DURATION": 0.92726, "package-0": 35.011760455535665, "dram": 5.973429243146475}