{"DURATION": 0.020479, "package-0": 23.366082328238683, "dram": 5.509155720494165}