{"DURATION": 0.856383, "package-0": 33.54889225965485, "dram": 5.932172871250364}