{"DURATION": 0.241206, "package-0": 31.24322363456962, "dram": 6.170592771324096}