{"DURATION": 0.314173, "package-0": 36.370817988815084, "dram": 6.4256731164040195}