{"DURATION": 0.010756, "package-0": 17.789605801413163, "dram": 4.7581814801041284}