{"DURATION": 491.694603, "package-0": 42.0189091479615, "dram": 6.441920848173313, "Accuracy": 0.563265306122449}