{"DURATION": 10.053172, "package-0": 41.88403461116551, "dram": 6.419540718093752, "Accuracy": 0.55}