{"DURATION": 0.190215, "package-0": 29.062497699971086, "dram": 6.267676050784639}