{"DURATION": 0.842744, "package-0": 33.838073009122574, "dram": 5.945864936445706, "Accuracy": 0.508}