{"repeats": 2, "start": 1618849633.323304, "name": "grid_nodes5_states2_nsamples50000", "cl_name": "Grid5", "graph_type": "grid", "states": 2, "vertices": 25, "seed": 876, "predict_samples": 50, "config_id": "MRF_Belief_Propagation_cpu", "uses_gpu": false, "predict_iters": 50, "train_iters": 50, "train_lbp_iters": 5, "modeltype": "MRF", "inferencetype": "BP", "TRAIN_MEMORY_PRE": [1048838144, 1048911872], "TRAIN_MEMORY_ENC": [[1048838144, 1, 1050181632, 1], [1048911872, 1, 1050255360, 1]], "APPLY_MEMORY_PRE": [1048596480, 1048748032], "APPLY_MEMORY_ENC": [[1048596480, 1], [1048748032, 1]], "APPLY_MEMORY_Accuracy": [0.52, 0.604], "TRAIN_ENERGY_DURATION": [0.023607, 0.035799], "TRAIN_ENERGY_package-0": [42.97809971618587, 31.505516913880278], "TRAIN_ENERGY_dram": [6.3301139492523415, 5.552613201486076], "APPLY_ENERGY_DURATION": [0.009961, 0.004377], "APPLY_ENERGY_package-0": [28.03292842084128, 40.66209732693626], "APPLY_ENERGY_dram": [4.571127396847706, 6.019419693854238], "APPLY_ENERGY_Accuracy": [0.532, 0.592], "TRAIN_RUNTIME_WCT": [0.023341655731201172, 0.03292369842529297], "APPLY_RUNTIME_WCT": [0.010445594787597656, 0.007520437240600586], "APPLY_RUNTIME_Accuracy": [0.552, 0.512]}