{"DURATION": 0.028649, "package-0": 32.589374847289605, "dram": 6.313553701699885}