{"WCT": 0.9638791084289551, "Accuracy": 0.5857988165680473}