{"DURATION": 493.360354, "package-0": 42.046304496935726, "dram": 6.45045927829053}