{"DURATION": 0.293143, "package-0": 32.89368328767871, "dram": 6.267067608641517}