{"DURATION": 99.633322, "package-0": 45.3680933473241, "dram": 6.607946726899259}