{"DURATION": 0.182307, "package-0": 36.731079991443, "dram": 6.397554674258258}