{"WCT": 0.40631103515625, "Accuracy": 0.49387755102040815}