{"DURATION": 0.033602, "package-0": 36.65877031129099, "dram": 6.344116421641569}