{"DURATION": 0.454006, "package-0": 34.64161046329784, "dram": 6.165044074307388}