{"WCT": 1.0067968368530273, "Accuracy": 0.5826530612244898}