{"DURATION": 0.23193, "package-0": 29.50248781960074, "dram": 6.074151683697668}