{"DURATION": 0.02416, "package-0": 20.85951986754967, "dram": 4.640687086092715}