{"DURATION": 0.005579, "package-0": 18.269940849614628, "dram": 5.095357590966123}