{"DURATION": 0.010199, "package-0": 17.007647808608688, "dram": 4.572409059711736}