{"DURATION": 12.887817, "package-0": 42.98939649748286, "dram": 6.618013508416515}