{"repeats": 2, "start": 1618947371.493723, "name": "grid_nodes3_states2_nsamples50000", "cl_name": "Grid3", "graph_type": "grid", "states": 2, "vertices": 9, "seed": 876, "predict_samples": 50, "config_id": "MRF_Junction_Tree_gpu", "uses_gpu": true, "predict_iters": 50, "train_iters": 50, "train_lbp_iters": 5, "modeltype": "MRF", "inferencetype": "JT", "TRAIN_MEMORY_PRE": [1048375296, 1048772608], "TRAIN_MEMORY_ENC": [[1048375296, 1, 1053306880, 82, 1138032640, 1, 1158316032, 1, 1144573952, 1, 1148170240, 1, 1149251584, 1, 1151139840, 19], [1048772608, 1, 1053614080, 77, 1058516992, 4, 1136238592, 1, 1154273280, 1, 1145143296, 2, 1149550592, 1, 1151565824, 20]], "APPLY_MEMORY_PRE": [1048592384, 1048461312], "APPLY_MEMORY_ENC": [[1048592384, 1, 1053212672, 83, 1137065984, 1, 1157079040, 1, 1144414208, 2, 1150775296, 1, 1153744896, 10], [1048461312, 1, 1053192192, 82, 1137979392, 1, 1158324224, 1, 1144590336, 2, 1148297216, 1, 1153970176, 10]], "APPLY_MEMORY_Accuracy": [0.5, 0.5555555555555556], "TRAIN_ENERGY_DURATION": [1.045001, 1.058846], "TRAIN_ENERGY_package-0": [34.89294651392678, 34.49486327567938], "TRAIN_ENERGY_dram": [5.933861307309754, 5.92839090859294], "APPLY_ENERGY_DURATION": [0.953501, 0.939321], "APPLY_ENERGY_package-0": [33.44419984876786, 34.464672886052796], "APPLY_ENERGY_dram": [5.826589589313488, 5.9368959067241125], "APPLY_ENERGY_Accuracy": [0.4, 0.5777777777777777], "TRAIN_RUNTIME_WCT": [1.047924518585205, 1.0307304859161377], "APPLY_RUNTIME_WCT": [0.9466793537139893, 0.9334890842437744], "APPLY_RUNTIME_Accuracy": [0.5555555555555556, 0.5666666666666667], "TRAIN_GPU_temperature": [[39, 40, 40, 40, 40], [38, 38, 38, 39, 39]], "TRAIN_GPU_util.gpu": [[0, 0, 6, 6, 30], [0, 0, 6, 6, 36]], "TRAIN_GPU_util.memory": [[0, 0, 0, 0, 0], [0, 0, 0, 0, 0]], "TRAIN_GPU_power.draw": [[20.423, 20.423, 29.892, 44.997, 46.414], [20.344, 20.344, 28.531, 44.643, 46.753]], "TRAIN_GPU_memory.used": [[131072, 131072, 123731968, 130023424, 130023424], [131072, 131072, 123731968, 130023424, 130023424]], "TRAIN_GPU_timestamp": [[1618954605436.046, 1618954605439.9978, 1618954605540.7122, 1618954605639.442, 1618954605739.86], [1618954645657.392, 1618954645661.166, 1618954645759.943, 1618954645860.423, 1618954645960.8591]], "APPLY_GPU_temperature": [[39, 39, 40, 40], [38, 38, 38, 38]], "APPLY_GPU_util.gpu": [[0, 0, 6, 6], [0, 0, 6, 6]], "APPLY_GPU_util.memory": [[0, 0, 0, 0], [0, 0, 0, 0]], "APPLY_GPU_power.draw": [[20.255, 20.255, 29.224, 44.808], [20.285, 20.285, 28.615, 44.693]], "APPLY_GPU_memory.used": [[131072, 131072, 123731968, 130023424], [131072, 131072, 123731968, 130023424]], "APPLY_GPU_timestamp": [[1618954610515.517, 1618954610519.2139, 1618954610618.0889, 1618954610718.525], [1618954650630.1711, 1618954650634.1191, 1618954650732.439, 1618954650832.9211]], "APPLY_GPU_Accuracy": [0.5555555555555556, 0.5666666666666667]}