{"DURATION": 0.007796, "package-0": 17.090687532067726, "dram": 4.572729604925603}