{"DURATION": 0.016481, "package-0": 34.9152357259875, "dram": 5.191311206844245, "Accuracy": 0.5691358024691358}