{"DURATION": 0.196436, "package-0": 23.444765725223483, "dram": 5.576620375083996}