{"DURATION": 0.16741, "package-0": 25.048378233080463, "dram": 5.749955199808852}