{"x_train_bytes": 1875000, "x_test_bytes": 625000, "x_train_shape": [37500, 25], "x_test_shape": [12500, 25], "repeats": 5, "start": 1615029490.1573844, "predict_iters": 50, "train_iters": 50, "predict_samples": 50, "train_lbp_iters": 5, "modeltype": "MRF", "inferencetype": "JT", "graph_type": "grid", "states": 2, "vertices": 25, "config_id": "MRF_Junction_Tree_CPU", "TRAIN_MEMORY_PRE": [114241536, 114200576, 114552832, 114212864, 114130944], "TRAIN_MEMORY_ENC": [[114241536, 1, 117493760, 20], [114200576, 1, 117370880, 19, 118628352, 1], [114552832, 1, 117809152, 19], [114212864, 1, 117288960, 19], [114130944, 1, 117288960, 19]], "APPLY_MEMORY_PRE": [114216960, 114176000, 114257920, 114794496, 114364416], "APPLY_MEMORY_ENC": [[114216960, 1, 117407744, 4], [114176000, 1, 117444608, 4], [114257920, 1, 117452800, 4], [114794496, 1, 118018048, 4], [114364416, 1, 117694464, 4]], "TRAIN_ENERGY_DURATION": [0.104955, 0.108033, 0.101102, 0.103291, 0.104882], "TRAIN_ENERGY_package-0": [29.386127387928155, 28.290115057436154, 32.34549267076814, 30.023206281282977, 29.10746362578898], "TRAIN_ENERGY_dram": [6.427592777857177, 6.122805068821563, 6.442523392217761, 6.4025616946297355, 6.3811521519421825], "APPLY_ENERGY_DURATION": [0.044185, 0.045845, 0.042804, 0.040135, 0.039696], "APPLY_ENERGY_package-0": [24.512074233337106, 24.77877631148435, 25.523946360153257, 27.289722187616793, 27.591520556227326], "APPLY_ENERGY_dram": [5.904628267511599, 5.821638128476388, 5.898887954396785, 5.879431917279183, 6.251662636033857], "TRAIN_RUNTIME_WCT": [0.1053764820098877, 0.10598635673522949, 0.10287618637084961, 0.10628342628479004, 0.10256028175354004], "APPLY_RUNTIME_WCT": [0.04144001007080078, 0.04406023025512695, 0.04191398620605469, 0.045029401779174805, 0.043221235275268555], "name": "grid_nodes5_states2_nsamples50000"}