{"WCT": 2.766951322555542, "Accuracy": 0.5728395061728395}