{"WCT": 27.682029485702515, "Accuracy": 0.5702479338842975}