{"DURATION": 0.00604, "package-0": 16.18841059602649, "dram": 4.612748344370861}