{"DURATION": 12.40661, "package-0": 41.44468763022292, "dram": 6.360741733640374, "Accuracy": 0.5611111111111111}