{"x_train_bytes": 1875000, "x_test_bytes": 625000, "x_train_shape": [37500, 25], "x_test_shape": [12500, 25], "repeats": 5, "start": 1614956268.1920257, "predict_iters": 50, "train_iters": 50, "predict_samples": 50, "train_lbp_iters": 5, "modeltype": "MRF", "inferencetype": "BP", "graph_type": "grid", "states": 2, "vertices": 25, "config_id": "MRF_Belief_Propagation_CPU", "TRAIN_MEMORY_PRE": [114446336, 114552832, 114348032, 114839552, 114040832], "TRAIN_MEMORY_ENC": [[114446336, 1, 117645312, 3], [114552832, 1, 117690368, 3], [114348032, 1, 117538816, 2], [114839552, 1, 117874688, 2], [114040832, 1, 116928512, 2]], "APPLY_MEMORY_PRE": [114495488, 114159616, 114204672, 114700288, 114937856], "APPLY_MEMORY_ENC": [[114495488, 1], [114159616, 1], [114204672, 1], [114700288, 1, 117968896, 1], [114937856, 1, 118095872, 1]], "TRAIN_ENERGY_DURATION": [0.030386, 0.034698, 0.030929, 0.033038, 0.032644], "TRAIN_ENERGY_package-0": [25.47377081550714, 23.21750533171941, 25.433056354877298, 23.495459773594046, 24.332496017644896], "TRAIN_ENERGY_dram": [6.239649838741525, 5.3363594443483775, 6.131106728313233, 5.538258974514196, 5.344504349957114], "APPLY_ENERGY_DURATION": [0.009696, 0.010199, 0.00835, 0.010725, 0.00839], "APPLY_ENERGY_package-0": [16.549195544554454, 17.007647808608688, 19.677485029940122, 17.96055944055944, 17.801311084624555], "APPLY_ENERGY_dram": [4.258869636963696, 4.572409059711736, 4.425029940119761, 4.741911421911422, 4.391299165673421], "TRAIN_RUNTIME_WCT": [0.029232501983642578, 0.03178834915161133, 0.02947688102722168, 0.03261709213256836, 0.0318605899810791], "APPLY_RUNTIME_WCT": [0.008723258972167969, 0.008806705474853516, 0.008835077285766602, 0.00700831413269043, 0.008769989013671875], "name": "grid_nodes5_states2_nsamples50000"}