{"DURATION": 14.328205, "package-0": 40.44524300147855, "dram": 6.4674101187134045}