{"WCT": 0.9334890842437744, "Accuracy": 0.5666666666666667}