{"DURATION": 1242.734996, "package-0": 41.84937045339311, "dram": 6.475982396813423}