{"DURATION": 0.124362, "package-0": 41.71377912867275, "dram": 6.514208520287547, "Accuracy": 0.5916666666666667}