{"repeats": 2, "start": 1618947451.232473, "name": "grid_nodes4_states2_nsamples50000", "cl_name": "Grid4", "graph_type": "grid", "states": 2, "vertices": 16, "seed": 876, "predict_samples": 50, "config_id": "MRF_Junction_Tree_gpu", "uses_gpu": true, "predict_iters": 50, "train_iters": 50, "train_lbp_iters": 5, "modeltype": "MRF", "inferencetype": "JT", "TRAIN_MEMORY_PRE": [1049219072, 1048690688], "TRAIN_MEMORY_ENC": [[1049219072, 1, 1054179328, 84, 1138843648, 1, 1159127040, 1, 1145380864, 2, 1152278528, 1, 1154564096, 41], [1048690688, 1, 1053671424, 83, 1138397184, 1, 1153335296, 1, 1145004032, 2, 1148645376, 1, 1152552960, 1, 1154506752, 40, 1152737280, 1]], "APPLY_MEMORY_PRE": [1048674304, 1048498176], "APPLY_MEMORY_ENC": [[1048674304, 1, 1053429760, 81, 1138094080, 1, 1156485120, 1, 1144631296, 1, 1148166144, 1, 1149517824, 1, 1151848448, 21, 1150152704, 1], [1048498176, 1, 1053159424, 83, 1135599616, 1, 1142083584, 1, 1154654208, 1, 1144426496, 2, 1148649472, 1, 1150726144, 22]], "APPLY_MEMORY_Accuracy": [0.56875, 0.54375], "TRAIN_ENERGY_DURATION": [1.262118, 1.26026], "TRAIN_ENERGY_package-0": [36.52322762213993, 36.358264961198486], "TRAIN_ENERGY_dram": [6.02472668958053, 5.954102328091029], "APPLY_ENERGY_DURATION": [1.067391, 1.05472], "APPLY_ENERGY_package-0": [34.39386129356534, 35.294192771541255], "APPLY_ENERGY_dram": [5.8442079800185684, 5.900796419902912], "APPLY_ENERGY_Accuracy": [0.4875, 0.5], "TRAIN_RUNTIME_WCT": [1.2585511207580566, 1.2463798522949219], "APPLY_RUNTIME_WCT": [1.0680084228515625, 1.054497241973877], "APPLY_RUNTIME_Accuracy": [0.51875, 0.575], "TRAIN_GPU_temperature": [[37, 37, 37, 37, 37, 37, 38], [36, 36, 36, 37, 37, 37, 37]], "TRAIN_GPU_util.gpu": [[0, 0, 6, 6, 34, 34, 74], [0, 0, 6, 6, 39, 39, 74]], "TRAIN_GPU_util.memory": [[0, 0, 0, 0, 0, 0, 0], [0, 0, 0, 0, 0, 0, 0]], "TRAIN_GPU_power.draw": [[19.877, 19.877, 27.446, 44.235, 45.874, 46.147, 47.403], [20.067, 20.067, 30.24, 44.294, 46.011, 46.088, 47.38]], "TRAIN_GPU_memory.used": [[131072, 131072, 125829120, 130023424, 130023424, 130023424, 130023424], [131072, 131072, 123731968, 130023424, 130023424, 130023424, 130023424]], "TRAIN_GPU_timestamp": [[1618954686928.222, 1618954686931.979, 1618954687030.831, 1618954687131.314, 1618954687231.74, 1618954687332.205, 1618954687432.6538], [1618954728539.543, 1618954728544.7239, 1618954728642.149, 1618954728742.6492, 1618954728843.122, 1618954728943.565, 1618954729044.033]], "APPLY_GPU_temperature": [[36, 36, 37, 37, 37], [36, 36, 36, 36, 37]], "APPLY_GPU_util.gpu": [[0, 0, 6, 6, 41], [0, 0, 6, 6, 40]], "APPLY_GPU_util.memory": [[0, 0, 0, 0, 0], [0, 0, 0, 0, 0]], "APPLY_GPU_power.draw": [[19.996, 19.996, 27.278, 44.536, 46.527], [20.054, 20.054, 27.283, 44.503, 46.452]], "APPLY_GPU_memory.used": [[131072, 131072, 123731968, 130023424, 130023424], [131072, 131072, 125829120, 130023424, 130023424]], "APPLY_GPU_timestamp": [[1618954692542.705, 1618954692545.647, 1618954692644.9521, 1618954692745.423, 1618954692845.845], [1618954733815.4941, 1618954733819.206, 1618954733918.078, 1618954734018.5598, 1618954734118.9858]], "APPLY_GPU_Accuracy": [0.60625, 0.5125]}