{"DURATION": 0.384535, "package-0": 35.64389457396596, "dram": 6.25802592741883}