{"DURATION": 0.005205, "package-0": 18.386743515850142, "dram": 4.4445725264169065}