{"DURATION": 0.009396, "package-0": 46.244040017028524, "dram": 6.221902937420179}