{"DURATION": 0.19394, "package-0": 28.031911931525215, "dram": 6.025569763844488}