{"DURATION": 1.457078, "package-0": 41.37406919876629, "dram": 6.367063396743345}