{"DURATION": 2.844936, "package-0": 41.18972588487052, "dram": 6.463446277877604}