{"DURATION": 6.321925, "package-0": 40.645920823166996, "dram": 6.447550231930938}