{"DURATION": 0.009733, "package-0": 14.780540429466761, "dram": 4.225521421966505}