{"WCT": 6.865342855453491, "Accuracy": 0.547107438016529}