{"repeats": 2, "start": 1618947292.4261622, "name": "grid_nodes2_states2_nsamples50000", "cl_name": "Grid2", "graph_type": "grid", "states": 2, "vertices": 4, "seed": 876, "predict_samples": 50, "config_id": "MRF_Junction_Tree_gpu", "uses_gpu": true, "predict_iters": 50, "train_iters": 50, "train_lbp_iters": 5, "modeltype": "MRF", "inferencetype": "JT", "TRAIN_MEMORY_PRE": [1049612288, 1048707072], "TRAIN_MEMORY_ENC": [[1049612288, 1, 1054568448, 77, 1059405824, 4, 1139478528, 1, 1159823360, 1, 1146097664, 2, 1150234624, 2, 1152577536, 5], [1048707072, 1, 1053667328, 85, 1138331648, 1, 1158615040, 1, 1144868864, 1, 1147531264, 1, 1148882944, 1, 1151270912, 5]], "APPLY_MEMORY_PRE": [1048895488, 1049178112], "APPLY_MEMORY_ENC": [[1048895488, 1, 1053483008, 81, 1133760512, 1, 1155457024, 1, 1144684544, 1, 1148342272, 1, 1148882944, 1, 1151102976, 2, 1149546496, 1], [1049178112, 1, 1053884416, 83, 1135783936, 1, 1148559360, 1, 1145085952, 1, 1149161472, 2, 1151561728, 2, 1149874176, 1]], "APPLY_MEMORY_Accuracy": [0.6, 0.475], "TRAIN_ENERGY_DURATION": [0.892448, 0.89504], "TRAIN_ENERGY_package-0": [33.35974196815949, 33.65258089023954], "TRAIN_ENERGY_dram": [5.800452239234106, 5.8585269932070085], "APPLY_ENERGY_DURATION": [0.873285, 0.864863], "APPLY_ENERGY_package-0": [32.92326216527251, 33.287340307077535], "APPLY_ENERGY_dram": [5.746945155361652, 5.845065634672775], "APPLY_ENERGY_Accuracy": [0.575, 0.575], "TRAIN_RUNTIME_WCT": [0.8845539093017578, 0.8947734832763672], "APPLY_RUNTIME_WCT": [0.8681459426879883, 0.8876960277557373], "APPLY_RUNTIME_Accuracy": [0.55, 0.525], "TRAIN_GPU_temperature": [[46, 46, 47], [42, 42, 43]], "TRAIN_GPU_util.gpu": [[0, 0, 6], [0, 0, 6]], "TRAIN_GPU_util.memory": [[0, 0, 0], [0, 0, 0]], "TRAIN_GPU_power.draw": [[21.06, 21.06, 31.105], [20.784, 20.784, 28.288]], "TRAIN_GPU_memory.used": [[131072, 131072, 125829120], [131072, 131072, 123731968]], "TRAIN_GPU_timestamp": [[1618954526592.8882, 1618954526597.047, 1618954526695.497], [1618954566051.6528, 1618954566054.603, 1618954566154.244]], "APPLY_GPU_temperature": [[45, 45, 46], [42, 42, 42]], "APPLY_GPU_util.gpu": [[0, 0, 6], [0, 0, 6]], "APPLY_GPU_util.memory": [[0, 0, 0], [0, 0, 0]], "APPLY_GPU_power.draw": [[21.267, 21.267, 29.618], [20.601, 20.601, 28.855]], "APPLY_GPU_memory.used": [[131072, 131072, 127926272], [131072, 131072, 125829120]], "APPLY_GPU_timestamp": [[1618954531545.069, 1618954531548.919, 1618954531647.709], [1618954570973.657, 1618954570977.447, 1618954571076.229]], "APPLY_GPU_Accuracy": [0.4, 0.6]}