{"WCT": 0.9782936573028564, "Accuracy": 0.5458333333333333}