{"DURATION": 0.002153, "package-0": 32.03437064561078, "dram": 6.22526706920576, "Accuracy": 0.55}