{"DURATION": 0.00536, "package-0": 22.387126865671643, "dram": 6.045895522388059}