{"DURATION": 0.012103, "package-0": 17.075435842353137, "dram": 4.062959596794184}