{"DURATION": 0.035443, "package-0": 42.779448692266456, "dram": 6.324521061986852, "Accuracy": 0.5866666666666667}