{"DURATION": 73.712731, "package-0": 42.06510324519112, "dram": 6.459162257873745}