{"DURATION": 0.024182, "package-0": 31.827433628318584, "dram": 6.455462740881647}