{"DURATION": 1119.680243, "package-0": 41.80892793247224, "dram": 6.427928991330786}