{"DURATION": 0.959626, "package-0": 35.01479743149935, "dram": 6.05593220692228}