{"DURATION": 0.402691, "package-0": 36.9537536225046, "dram": 6.31831602891547}