{"DURATION": 0.067138, "package-0": 40.58211445083261, "dram": 6.004423724269415}