{"DURATION": 0.027885, "package-0": 31.67211762596378, "dram": 6.272010041240811}