{"DURATION": 0.264428, "package-0": 28.2314694359145, "dram": 5.907986294946073}