{"x_train_bytes": 9075000, "x_test_bytes": 3025000, "x_train_shape": [37500, 121], "x_test_shape": [12500, 121], "repeats": 5, "start": 1614966439.837143, "predict_iters": 50, "train_iters": 50, "predict_samples": 50, "train_lbp_iters": 5, "modeltype": "MRF", "inferencetype": "JT", "graph_type": "grid", "states": 2, "vertices": 121, "config_id": "MRF_Junction_Tree_CPU", "TRAIN_MEMORY_PRE": [134098944, 133885952, 134115328, 134316032, 134402048], "TRAIN_MEMORY_ENC": [[134098944, 1, 136642560, 3, 136978432, 12, 137482240, 2, 142442496, 3494, 142712832, 247, 142716928, 6305, 142983168, 1512, 143040512, 4344, 138428416, 1], [133885952, 1, 135974912, 1, 136691712, 13, 137326592, 2, 141045760, 1, 142397440, 3494, 142663680, 247, 142667776, 6305, 142934016, 1512, 142991360, 4337], [134115328, 1, 136204288, 2, 136794112, 12, 137363456, 3, 142524416, 3494, 142790656, 247, 142794752, 6305, 143060992, 1512, 143118336, 4338], [134316032, 1, 136396800, 1, 136937472, 14, 137572352, 2, 142688256, 3494, 142958592, 247, 142962688, 6305, 143228928, 1512, 143286272, 4306, 138518528, 1], [134402048, 1, 136491008, 2, 137011200, 13, 137539584, 2, 142692352, 3494, 142962688, 247, 142966784, 6305, 143233024, 1512, 143290368, 4318]], "APPLY_MEMORY_PRE": [134352896, 134303744, 133767168, 134131712, 133668864], "APPLY_MEMORY_ENC": [[134352896, 1, 137371648, 1, 142454784, 2780, 142688256, 178, 142692352, 4017], [134303744, 1, 138579968, 1, 142364672, 2780, 142598144, 178, 142602240, 3986, 137822208, 1], [133767168, 1, 137986048, 1, 142041088, 2780, 142278656, 178, 142282752, 4022, 137547776, 1], [134131712, 1, 138584064, 1, 142098432, 2780, 142331904, 178, 142336000, 4009], [133668864, 1, 137359360, 1, 141684736, 2780, 141922304, 178, 141926400, 4002, 137117696, 1]], "TRAIN_ENERGY_DURATION": [63.264499, 63.28853, 63.341795, 63.511166, 63.279928], "TRAIN_ENERGY_package-0": [41.63334077774013, 41.798607725602096, 41.788274787602724, 41.89839169383223, 41.656955741163294], "TRAIN_ENERGY_dram": [6.421846950846793, 6.420748814990647, 6.4258780478197695, 6.423108512918815, 6.454575643638533], "APPLY_ENERGY_DURATION": [27.734818, 27.713702, 27.70141, 27.702752, 27.684542], "APPLY_ENERGY_package-0": [41.88953614189933, 41.72833221631668, 41.90624737152369, 41.677531207007874, 41.815795652317455], "APPLY_ENERGY_dram": [6.4399796674346295, 6.436695429574872, 6.431756145264808, 6.4313920869666665, 6.427013240818649], "TRAIN_RUNTIME_WCT": [63.33878803253174, 63.332908153533936, 63.34177374839783, 63.27561569213867, 63.347166538238525], "APPLY_RUNTIME_WCT": [27.663808584213257, 27.696192026138306, 27.70656394958496, 27.69920253753662, 27.6820969581604], "name": "grid_nodes11_states2_nsamples50000"}