{"DURATION": 0.110257, "package-0": 32.099331561714905, "dram": 6.431981642888887}