{"DURATION": 0.037148, "package-0": 33.24819640357489, "dram": 6.461343813933455}