{"DURATION": 0.005718, "package-0": 24.45452955578874, "dram": 4.088667366211962, "Accuracy": 0.6222222222222222}