{"DURATION": 0.149991, "package-0": 24.01708769192818, "dram": 5.855357988145955}