{"repeats": 2, "start": 1618890639.4311914, "name": "grid_nodes4_states2_nsamples50000", "cl_name": "Grid4", "graph_type": "grid", "states": 2, "vertices": 16, "seed": 876, "predict_samples": 50, "config_id": "MRF_Junction_Tree_cpu", "uses_gpu": false, "predict_iters": 50, "train_iters": 50, "train_lbp_iters": 5, "modeltype": "MRF", "inferencetype": "JT", "TRAIN_MEMORY_PRE": [1048584192, 1048768512], "TRAIN_MEMORY_ENC": [[1048584192, 1, 1049927680, 2], [1048768512, 1, 1050112000, 3]], "APPLY_MEMORY_PRE": [1048731648, 1048788992], "APPLY_MEMORY_ENC": [[1048731648, 1, 1050075136, 1], [1048788992, 1, 1050132480, 1]], "APPLY_MEMORY_Accuracy": [0.525, 0.56875], "TRAIN_ENERGY_DURATION": [0.040129, 0.033602], "TRAIN_ENERGY_package-0": [32.67195793565751, 36.65877031129099], "TRAIN_ENERGY_dram": [5.525380647412097, 6.344116421641569], "APPLY_ENERGY_DURATION": [0.016391, 0.018994], "APPLY_ENERGY_package-0": [29.13788054420109, 28.123512688217332], "APPLY_ENERGY_dram": [5.637972057836618, 4.466621038222597], "APPLY_ENERGY_Accuracy": [0.575, 0.50625], "TRAIN_RUNTIME_WCT": [0.03665661811828613, 0.03661489486694336], "APPLY_RUNTIME_WCT": [0.00972890853881836, 0.00967264175415039], "APPLY_RUNTIME_Accuracy": [0.55, 0.55]}