{"DURATION": 0.279373, "package-0": 31.354794486224513, "dram": 6.138721351025332}