{"DURATION": 0.373282, "package-0": 31.924333345835052, "dram": 5.962655579427885}