{"DURATION": 2825.110218, "package-0": 41.809751349318866, "dram": 6.416669532926521}