{"WCT": 55.53758907318115, "Accuracy": 0.5627551020408164}