{"DURATION": 8.225912, "package-0": 41.8024178960339, "dram": 6.437827562463592}