{"DURATION": 0.900318, "package-0": 34.78044202159682, "dram": 6.020122889912231}