{"DURATION": 0.095223, "package-0": 43.77818384213898, "dram": 6.4393896432584565}