{"DURATION": 0.259237, "package-0": 31.305635383837956, "dram": 6.107264780876187}