{"DURATION": 1.038874, "package-0": 35.849868222710356, "dram": 6.1074875297678055}