{"DURATION": 2834.136656, "package-0": 41.66790475504862, "dram": 6.450460618508721}