{"DURATION": 1.557585, "package-0": 38.17749400514258, "dram": 6.135696607247759}