{"DURATION": 0.207498, "package-0": 37.403493045716104, "dram": 6.450616391483291}