{"DURATION": 0.008229, "package-0": 27.198323004010206, "dram": 4.488273180216308}