{"DURATION": 0.004731, "package-0": 17.751849503276265, "dram": 4.8767702388501375}