{"DURATION": 0.187596, "package-0": 44.40943836755581, "dram": 6.431842896437024}