{"DURATION": 0.283475, "package-0": 26.87370314842579, "dram": 5.715579857130259}