{"DURATION": 2.844013, "package-0": 40.93697883940755, "dram": 6.456274285666064}