{"WCT": 0.8802638053894043, "Accuracy": 0.5506172839506173}