{"DURATION": 0.019959, "package-0": 17.161581241545168, "dram": 4.374818377674233}