{"DURATION": 3.576904, "package-0": 42.085060432150264, "dram": 6.394805955094126}