{"DURATION": 0.118856, "package-0": 43.03918186713334, "dram": 6.420399474994952}