{"DURATION": 0.2228, "package-0": 30.170408438061042, "dram": 6.146301615798923}