{"DURATION": 0.183321, "package-0": 36.546554950060276, "dram": 6.39438471315343}