{"DURATION": 0.234392, "package-0": 28.58900047783201, "dram": 6.03208727260316}