{"WCT": 0.9718801975250244, "Accuracy": 0.5822485207100592}