{"DURATION": 0.862873, "package-0": 34.05667114395745, "dram": 5.91821276132177}