{"DURATION": 1.601102, "package-0": 40.020207956769774, "dram": 6.373415310205096}