{"WCT": 0.9588594436645508, "Accuracy": 0.5752066115702479}