{"DURATION": 1.26026, "package-0": 36.358264961198486, "dram": 5.954102328091029}