{"DURATION": 0.010725, "package-0": 17.96055944055944, "dram": 4.741911421911422}