{"DURATION": 0.154639, "package-0": 35.45846778626349, "dram": 6.445851305298146}