{"DURATION": 0.016035, "package-0": 29.248082319925164, "dram": 4.407296538821328, "Accuracy": 0.5828125}