{"DURATION": 0.841852, "package-0": 33.54876035217592, "dram": 5.937698075196114}