{"WCT": 1.0889747142791748, "Accuracy": 0.5764444444444444}