{"DURATION": 55.523043, "package-0": 41.35334549296947, "dram": 6.40892897386766, "Accuracy": 0.5479591836734694}