{"DURATION": 2.837132, "package-0": 41.29353798131353, "dram": 6.451877459349794}