{"DURATION": 1.574881, "package-0": 37.49359094433167, "dram": 6.070964726858728}