{"DURATION": 0.290784, "package-0": 33.05390943105536, "dram": 6.213467728623309}