{"DURATION": 0.039164, "package-0": 22.73927586559085, "dram": 5.522061076498826}