{"WCT": 0.024781227111816406, "Accuracy": 0.5798816568047337}