{"DURATION": 0.132549, "package-0": 30.950569223456984, "dram": 6.241940716263419}