{"DURATION": 0.840342, "package-0": 33.70266629538926, "dram": 5.902885967855944}