{"DURATION": 1.210503, "package-0": 36.678842596837846, "dram": 6.098788685364679, "Accuracy": 0.568}