{"DURATION": 1.262118, "package-0": 36.52322762213993, "dram": 6.02472668958053}