{"DURATION": 1.430959, "package-0": 37.256388198404004, "dram": 6.016344283798487, "Accuracy": 0.5805555555555556}