{"DURATION": 0.154693, "package-0": 24.088019496680523, "dram": 6.014848764973205}