{"repeats": 2, "start": 1618926584.3430557, "name": "grid_nodes10_states2_nsamples50000", "cl_name": "Grid10", "graph_type": "grid", "states": 2, "vertices": 100, "seed": 876, "predict_samples": 50, "config_id": "MRF_Belief_Propagation_gpu", "uses_gpu": true, "predict_iters": 50, "train_iters": 50, "train_lbp_iters": 5, "modeltype": "MRF", "inferencetype": "BP", "TRAIN_MEMORY_PRE": [1066233856, 1066364928], "TRAIN_MEMORY_ENC": [[1066233856, 1, 1067577344, 5, 1070489600, 81, 1075392512, 4, 1155067904, 1, 1173999616, 1, 1161887744, 11], [1066364928, 1, 1067708416, 5, 1070551040, 82, 1075453952, 4, 1155399680, 1, 1175412736, 1, 1161949184, 11]], "APPLY_MEMORY_PRE": [1066311680, 1066057728], "APPLY_MEMORY_ENC": [[1066311680, 1, 1070477312, 79, 1075380224, 4, 1155387392, 1, 1174650880, 1, 1162006528, 10], [1066057728, 1, 1070284800, 78, 1075122176, 4, 1155194880, 1, 1172025344, 1, 1161814016, 10]], "APPLY_MEMORY_Accuracy": [0.55, 0.588], "TRAIN_ENERGY_DURATION": [0.957835, 0.959626], "TRAIN_ENERGY_package-0": [34.807795705941004, 35.01479743149935], "TRAIN_ENERGY_dram": [6.033199872629419, 6.05593220692228], "APPLY_ENERGY_DURATION": [0.896171, 0.897167], "APPLY_ENERGY_package-0": [34.05559430064128, 34.35583230323897], "APPLY_ENERGY_dram": [5.99066807562396, 6.0244514120559485], "APPLY_ENERGY_Accuracy": [0.576, 0.578], "TRAIN_RUNTIME_WCT": [0.9566802978515625, 0.9586033821105957], "APPLY_RUNTIME_WCT": [0.912811279296875, 0.8959822654724121], "APPLY_RUNTIME_Accuracy": [0.535, 0.564], "TRAIN_GPU_temperature": [[31, 31, 32], [31, 31, 32]], "TRAIN_GPU_util.gpu": [[0, 0, 6], [0, 0, 6]], "TRAIN_GPU_util.memory": [[0, 0, 0], [0, 0, 0]], "TRAIN_GPU_power.draw": [[19.424, 19.424, 29.61], [19.369, 19.369, 26.801]], "TRAIN_GPU_memory.used": [[131072, 131072, 127926272], [131072, 131072, 127926272]], "TRAIN_GPU_timestamp": [[1618933818826.225, 1618933818830.4, 1618933818928.8582], [1618933858858.96, 1618933858862.0342, 1618933858961.567]], "APPLY_GPU_temperature": [[31, 31, 32], [31, 31, 32]], "APPLY_GPU_util.gpu": [[0, 0, 6], [0, 0, 6]], "APPLY_GPU_util.memory": [[0, 0, 0], [0, 0, 0]], "APPLY_GPU_power.draw": [[19.273, 19.273, 26.881], [19.694, 19.694, 27.326]], "APPLY_GPU_memory.used": [[131072, 131072, 127926272], [131072, 131072, 127926272]], "APPLY_GPU_timestamp": [[1618933823767.3098, 1618933823770.3708, 1618933823869.546], [1618933863729.1418, 1618933863732.854, 1618933863831.726]], "APPLY_GPU_Accuracy": [0.579, 0.558]}