{"DURATION": 63.511166, "package-0": 41.89839169383223, "dram": 6.423108512918815}