{"repeats": 2, "start": 1618927299.6145916, "name": "grid_nodes5_states2_nsamples50000", "cl_name": "Grid5", "graph_type": "grid", "states": 2, "vertices": 25, "seed": 876, "predict_samples": 50, "config_id": "MRF_Belief_Propagation_gpu", "uses_gpu": true, "predict_iters": 50, "train_iters": 50, "train_lbp_iters": 5, "modeltype": "MRF", "inferencetype": "BP", "TRAIN_MEMORY_PRE": [1048748032, 1048805376], "TRAIN_MEMORY_ENC": [[1048748032, 1, 1050091520, 1, 1053351936, 81, 1058254848, 4, 1137451008, 1, 1158066176, 1, 1144881152, 1, 1147052032, 3], [1048805376, 1, 1050148864, 1, 1053241344, 79, 1058078720, 4, 1135534080, 1, 1143578624, 1, 1144573952, 1, 1146683392, 3]], "APPLY_MEMORY_PRE": [1048940544, 1048514560], "APPLY_MEMORY_ENC": [[1048940544, 1, 1053114368, 79, 1057951744, 4, 1136009216, 1, 1157914624, 1, 1144446976, 1, 1146556416, 3], [1048514560, 1, 1052848128, 77, 1057685504, 4, 1137758208, 1, 1157832704, 1, 1144377344, 1, 1146486784, 3]], "APPLY_MEMORY_Accuracy": [0.532, 0.52], "TRAIN_ENERGY_DURATION": [0.862309, 0.862873], "TRAIN_ENERGY_package-0": [34.04957271697269, 34.05667114395745], "TRAIN_ENERGY_dram": [5.977619391656588, 5.91821276132177], "APPLY_ENERGY_DURATION": [0.842744, 0.835178], "APPLY_ENERGY_package-0": [33.838073009122574, 33.71322520468691], "APPLY_ENERGY_dram": [5.945864936445706, 5.937936583578591], "APPLY_ENERGY_Accuracy": [0.508, 0.508], "TRAIN_RUNTIME_WCT": [0.8612649440765381, 0.8579504489898682], "APPLY_RUNTIME_WCT": [0.8394732475280762, 0.8449616432189941], "APPLY_RUNTIME_Accuracy": [0.508, 0.532], "TRAIN_GPU_temperature": [[31, 32, 32], [31, 31, 32]], "TRAIN_GPU_util.gpu": [[0, 0, 6], [0, 0, 6]], "TRAIN_GPU_util.memory": [[0, 0, 0], [0, 0, 0]], "TRAIN_GPU_power.draw": [[19.514, 19.514, 29.899], [19.518, 19.518, 27.778]], "TRAIN_GPU_memory.used": [[131072, 131072, 127926272], [131072, 131072, 127926272]], "TRAIN_GPU_timestamp": [[1618934533276.546, 1618934533281.447, 1618934533379.194], [1618934572577.7869, 1618934572581.551, 1618934572680.384]], "APPLY_GPU_temperature": [[31, 32, 32], [32, 32, 32]], "APPLY_GPU_util.gpu": [[0, 0, 6], [0, 0, 6]], "APPLY_GPU_util.memory": [[0, 0, 0], [0, 0, 0]], "APPLY_GPU_power.draw": [[19.502, 19.502, 29.84], [19.254, 19.254, 29.663]], "APPLY_GPU_memory.used": [[131072, 131072, 127926272], [131072, 131072, 127926272]], "APPLY_GPU_timestamp": [[1618934538658.9128, 1618934538663.003, 1618934538761.546], [1618934577399.154, 1618934577403.327, 1618934577501.7559]], "APPLY_GPU_Accuracy": [0.564, 0.54]}