{"DURATION": 0.19232, "package-0": 26.65933340266223, "dram": 5.9005095673876875}