{"WCT": 192.46474146842957, "Accuracy": 0.5650887573964497}