{"DURATION": 0.109491, "package-0": 32.69961001360842, "dram": 6.463700212802879}