{"repeats": 2, "start": 1618890781.7069561, "name": "grid_nodes7_states2_nsamples50000", "cl_name": "Grid7", "graph_type": "grid", "states": 2, "vertices": 49, "seed": 876, "predict_samples": 50, "config_id": "MRF_Junction_Tree_cpu", "uses_gpu": false, "predict_iters": 50, "train_iters": 50, "train_lbp_iters": 5, "modeltype": "MRF", "inferencetype": "JT", "TRAIN_MEMORY_PRE": [1048698880, 1048633344], "TRAIN_MEMORY_ENC": [[1048698880, 1, 1050042368, 103], [1048633344, 1, 1049976832, 102]], "APPLY_MEMORY_PRE": [1048743936, 1052540928], "APPLY_MEMORY_ENC": [[1048743936, 1, 1050087424, 42], [1052540928, 1, 1055178752, 41]], "APPLY_MEMORY_Accuracy": [0.5265306122448979, 0.5775510204081633], "TRAIN_ENERGY_DURATION": [0.951103, 0.95301], "TRAIN_ENERGY_package-0": [41.72801683939594, 41.66475692804902], "TRAIN_ENERGY_dram": [6.427395350451002, 6.426992371538598], "APPLY_ENERGY_DURATION": [0.410141, 0.40753], "APPLY_ENERGY_package-0": [40.87120770661797, 41.17769489362746], "APPLY_ENERGY_dram": [6.32489802287506, 6.358361347630849], "APPLY_ENERGY_Accuracy": [0.5693877551020409, 0.5489795918367347], "TRAIN_RUNTIME_WCT": [0.9432849884033203, 0.9465689659118652], "APPLY_RUNTIME_WCT": [0.40631103515625, 0.40758299827575684], "APPLY_RUNTIME_Accuracy": [0.49387755102040815, 0.5306122448979592]}