{"DURATION": 1.42331, "package-0": 37.66960395135283, "dram": 6.070401388313157, "Accuracy": 0.5388888888888889}