{"DURATION": 0.100131, "package-0": 41.80913003964807, "dram": 6.175709820135623}