{"DURATION": 0.330278, "package-0": 35.06503309333349, "dram": 6.316824008865258}