{"DURATION": 192.04514, "package-0": 42.03633925857223, "dram": 6.4081263238424055, "Accuracy": 0.5603550295857989}