{"DURATION": 0.492098, "package-0": 37.774256347312935, "dram": 6.273181358184752}