{"DURATION": 0.989011, "package-0": 39.173234675852946, "dram": 6.297806596691038}