{"DURATION": 0.124411, "package-0": 41.881320783532004, "dram": 6.407230871868244, "Accuracy": 0.5722222222222222}