{"DURATION": 0.04492, "package-0": 28.014692787177204, "dram": 5.808682101513802}