{"DURATION": 27.724832, "package-0": 41.9954649319426, "dram": 6.39706783435153, "Accuracy": 0.552892561983471}