{"DURATION": 0.064702, "package-0": 41.715712033631114, "dram": 6.186485734598622}