{"DURATION": 55.522502, "package-0": 41.00591848328448, "dram": 6.42795958654745, "Accuracy": 0.5545918367346939}