{"repeats": 2, "start": 1618926986.7397735, "name": "grid_nodes15_states2_nsamples50000", "cl_name": "Grid15", "graph_type": "grid", "states": 2, "vertices": 225, "seed": 876, "predict_samples": 50, "config_id": "MRF_Belief_Propagation_gpu", "uses_gpu": true, "predict_iters": 50, "train_iters": 50, "train_lbp_iters": 5, "modeltype": "MRF", "inferencetype": "BP", "TRAIN_MEMORY_PRE": [1088593920, 1088339968], "TRAIN_MEMORY_ENC": [[1088593920, 1, 1089937408, 14, 1092497408, 58, 1097334784, 3, 1098145792, 1, 1178095616, 1, 1195130880, 1, 1185546240, 18], [1088339968, 1, 1089683456, 13, 1092505600, 57, 1097342976, 3, 1098153984, 1, 1178103808, 1, 1195139072, 1, 1185554432, 18]], "APPLY_MEMORY_PRE": [1088389120, 1088651264], "APPLY_MEMORY_ENC": [[1088389120, 1, 1092206592, 57, 1097170944, 4, 1177239552, 1, 1197043712, 1, 1183866880, 1, 1185914880, 25], [1088651264, 1, 1092276224, 56, 1097240576, 4, 1175416832, 1, 1186836480, 1, 1184841728, 25]], "APPLY_MEMORY_Accuracy": [0.5533333333333333, 0.572], "TRAIN_ENERGY_DURATION": [1.115916, 1.11906], "TRAIN_ENERGY_package-0": [36.62337398155417, 36.58254874626919], "TRAIN_ENERGY_dram": [6.123175937973826, 6.064777581184209], "APPLY_ENERGY_DURATION": [1.128942, 1.03091], "APPLY_ENERGY_package-0": [36.261301289171634, 35.7441153931963], "APPLY_ENERGY_dram": [6.089021402339536, 6.096952207273185], "APPLY_ENERGY_Accuracy": [0.5804444444444444, 0.5595555555555556], "TRAIN_RUNTIME_WCT": [1.121901035308838, 1.1184563636779785], "APPLY_RUNTIME_WCT": [1.0889747142791748, 1.0444557666778564], "APPLY_RUNTIME_Accuracy": [0.5764444444444444, 0.5635555555555556], "TRAIN_GPU_temperature": [[32, 32, 32, 33], [32, 32, 33, 33]], "TRAIN_GPU_util.gpu": [[0, 0, 6, 6], [0, 0, 6, 6]], "TRAIN_GPU_util.memory": [[0, 0, 0, 0], [0, 0, 0, 0]], "TRAIN_GPU_power.draw": [[19.523, 19.523, 27.622, 47.63], [19.541, 19.541, 29.036, 47.318]], "TRAIN_GPU_memory.used": [[131072, 131072, 127926272, 127926272], [131072, 131072, 127926272, 127926272]], "TRAIN_GPU_timestamp": [[1618934221809.268, 1618934221812.9622, 1618934221911.863, 1618934222012.28], [1618934263009.922, 1618934263014.001, 1618934263112.499, 1618934263212.92]], "APPLY_GPU_temperature": [[32, 32, 33, 33, 34], [32, 32, 33, 33, 34]], "APPLY_GPU_util.gpu": [[0, 0, 6, 6, 68], [0, 0, 6, 6, 68]], "APPLY_GPU_util.memory": [[0, 0, 0, 0, 0], [0, 0, 0, 0, 0]], "APPLY_GPU_power.draw": [[19.388, 19.388, 29.866, 47.695, 53.058], [19.642, 19.642, 28.559, 47.629, 53.157]], "APPLY_GPU_memory.used": [[131072, 131072, 127926272, 127926272, 127926272], [131072, 131072, 127926272, 127926272, 127926272]], "APPLY_GPU_timestamp": [[1618934227331.541, 1618934227335.0352, 1618934227434.175, 1618934227534.584, 1618934227635.046], [1618934267917.009, 1618934267921.0562, 1618934268019.65, 1618934268120.0781, 1618934268220.522]], "APPLY_GPU_Accuracy": [0.5755555555555556, 0.5635555555555556]}