{"DURATION": 0.008143, "package-0": 16.594743951860494, "dram": 4.479307380572271}