{"DURATION": 0.46719, "package-0": 32.243551873969906, "dram": 6.015597508508315}