{"DURATION": 191.902843, "package-0": 41.79711884727003, "dram": 6.466119441492589}