{"DURATION": 0.456237, "package-0": 36.02752735968367, "dram": 6.328395110436023}