{"DURATION": 0.181167, "package-0": 27.474457268707877, "dram": 6.242389618418365}