{"DURATION": 0.024505, "package-0": 37.990899816364006, "dram": 6.069414405223424, "Accuracy": 0.6097222222222223}