{"DURATION": 0.315199, "package-0": 34.35243449376426, "dram": 6.273068759735913}