{"DURATION": 0.011256, "package-0": 18.452558635394457, "dram": 4.495113717128643}