{"repeats": 2, "start": 1618947714.0365531, "name": "grid_nodes7_states2_nsamples50000", "cl_name": "Grid7", "graph_type": "grid", "states": 2, "vertices": 49, "seed": 876, "predict_samples": 50, "config_id": "MRF_Junction_Tree_gpu", "uses_gpu": true, "predict_iters": 50, "train_iters": 50, "train_lbp_iters": 5, "modeltype": "MRF", "inferencetype": "JT", "TRAIN_MEMORY_PRE": [1049014272, 1049411584], "TRAIN_MEMORY_ENC": [[1049014272, 1, 1050357760, 2, 1053736960, 80, 1058574336, 3, 1138524160, 1, 1151504384, 1, 1147138048, 1, 1153093632, 1, 1156608000, 2, 1159196672, 159], [1049411584, 1, 1050755072, 2, 1054441472, 80, 1059278848, 4, 1139081216, 1, 1147797504, 1, 1148039168, 1, 1151410176, 1, 1159430144, 1, 1162399744, 161, 1160736768, 1]], "APPLY_MEMORY_PRE": [1048985600, 1049665536], "APPLY_MEMORY_ENC": [[1048985600, 1, 1053581312, 80, 1058484224, 3, 1136390144, 1, 1152049152, 1, 1147461632, 1, 1150648320, 1, 1153802240, 1, 1160019968, 1, 1162178560, 85], [1049665536, 1, 1054355456, 79, 1059192832, 3, 1139265536, 1, 1158258688, 1, 1147973632, 1, 1155350528, 1, 1157513216, 2, 1159585792, 86]], "APPLY_MEMORY_Accuracy": [0.5775510204081633, 0.5612244897959183], "TRAIN_ENERGY_DURATION": [2.500562, 2.503098], "TRAIN_ENERGY_package-0": [40.06035003331251, 39.86073178117677], "TRAIN_ENERGY_dram": [6.205398626388789, 6.159246661537024], "APPLY_ENERGY_DURATION": [1.729464, 1.812481], "APPLY_ENERGY_package-0": [37.82621841217858, 37.25460515172297], "APPLY_ENERGY_dram": [6.037287275132643, 6.020463111061578], "APPLY_ENERGY_Accuracy": [0.5469387755102041, 0.5469387755102041], "TRAIN_RUNTIME_WCT": [2.51849627494812, 2.497889757156372], "APPLY_RUNTIME_WCT": [1.71256422996521, 1.7194147109985352], "APPLY_RUNTIME_Accuracy": [0.5755102040816327, 0.5204081632653061], "TRAIN_GPU_temperature": [[35, 35, 35, 35, 35, 35, 36, 36, 36, 36, 36, 36, 36, 36, 36, 37, 37, 37, 37], [35, 35, 35, 35, 35, 35, 36, 36, 36, 36, 36, 36, 36, 36, 37, 37, 37, 37, 37]], "TRAIN_GPU_util.gpu": [[0, 0, 6, 6, 38, 38, 75, 75, 71, 71, 71, 71, 71, 71, 71, 71, 71, 71, 71], [0, 0, 6, 6, 36, 36, 75, 75, 72, 72, 71, 71, 71, 71, 71, 71, 71, 71, 71]], "TRAIN_GPU_util.memory": [[0, 0, 0, 0, 0, 0, 0, 0, 0, 0, 0, 0, 0, 0, 0, 0, 0, 0, 0], [0, 0, 0, 0, 0, 0, 0, 0, 0, 0, 0, 0, 0, 0, 0, 0, 0, 0, 0]], "TRAIN_GPU_power.draw": [[19.88, 19.88, 27.257, 44.237, 46.935, 46.916, 47.575, 61.997, 63.132, 63.079, 63.328, 63.265, 63.247, 63.345, 63.151, 63.167, 63.386, 63.08, 63.337], [19.87, 19.87, 30.262, 44.098, 46.658, 46.771, 47.681, 62.559, 63.62, 63.329, 63.495, 63.764, 63.606, 63.474, 63.774, 63.438, 63.403, 63.693, 63.454]], "TRAIN_GPU_memory.used": [[131072, 131072, 123731968, 130023424, 130023424, 130023424, 130023424, 130023424, 130023424, 130023424, 130023424, 130023424, 130023424, 130023424, 130023424, 130023424, 130023424, 130023424, 130023424], [131072, 131072, 123731968, 130023424, 130023424, 130023424, 130023424, 130023424, 130023424, 130023424, 130023424, 130023424, 130023424, 130023424, 130023424, 130023424, 130023424, 130023424, 130023424]], "TRAIN_GPU_timestamp": [[1618954954967.761, 1618954954971.653, 1618954955070.355, 1618954955170.851, 1618954955271.2869, 1618954955371.725, 1618954955472.177, 1618954955572.662, 1618954955673.128, 1618954955773.66, 1618954955874.074, 1618954955974.601, 1618954956075.022, 1618954956175.591, 1618954956275.979, 1618954956376.484, 1618954956476.9102, 1618954956577.385, 1618954956677.8628], [1618955004195.148, 1618955004199.023, 1618955004297.8179, 1618955004398.275, 1618955004498.7358, 1618955004599.186, 1618955004699.6511, 1618955004800.158, 1618955004900.583, 1618955005001.098, 1618955005101.5269, 1618955005202.252, 1618955005302.471, 1618955005402.999, 1618955005503.433, 1618955005603.8909, 1618955005704.363, 1618955005804.491, 1618955005904.9832]], "APPLY_GPU_temperature": [[35, 35, 35, 35, 35, 36, 36, 36, 36, 36, 36, 36], [35, 35, 35, 35, 36, 36, 36, 36, 36, 36, 36, 37]], "APPLY_GPU_util.gpu": [[0, 0, 6, 6, 31, 31, 74, 74, 69, 69, 69, 69], [0, 0, 6, 6, 39, 39, 74, 74, 70, 70, 69, 69]], "APPLY_GPU_util.memory": [[0, 0, 0, 0, 0, 0, 0, 0, 0, 0, 0, 0], [0, 0, 0, 0, 0, 0, 0, 0, 0, 0, 0, 0]], "APPLY_GPU_power.draw": [[19.864, 19.864, 27.864, 44.286, 46.562, 47.295, 47.978, 62.419, 63.598, 63.762, 63.67, 63.801], [19.804, 19.804, 28.88, 44.259, 46.981, 47.018, 47.9, 62.448, 63.493, 63.573, 63.485, 63.414]], "APPLY_GPU_memory.used": [[131072, 131072, 123731968, 130023424, 130023424, 130023424, 130023424, 130023424, 130023424, 130023424, 130023424, 130023424], [131072, 131072, 123731968, 130023424, 130023424, 130023424, 130023424, 130023424, 130023424, 130023424, 130023424, 130023424]], "APPLY_GPU_timestamp": [[1618954961538.445, 1618954961542.383, 1618954961641.043, 1618954961741.2168, 1618954961841.582, 1618954961942.052, 1618954962042.5251, 1618954962143.036, 1618954962243.4758, 1618954962343.989, 1618954962444.4229, 1618954962544.934], [1618955010724.3708, 1618955010728.085, 1618955010826.577, 1618955010927.0688, 1618955011027.494, 1618955011127.97, 1618955011228.426, 1618955011328.898, 1618955011429.376, 1618955011529.876, 1618955011630.3152, 1618955011730.8518]], "APPLY_GPU_Accuracy": [0.5448979591836735, 0.5142857142857142]}