{"repeats": 2, "start": 1618927068.649652, "name": "grid_nodes2_states2_nsamples50000", "cl_name": "Grid2", "graph_type": "grid", "states": 2, "vertices": 4, "seed": 876, "predict_samples": 50, "config_id": "MRF_Belief_Propagation_gpu", "uses_gpu": true, "predict_iters": 50, "train_iters": 50, "train_lbp_iters": 5, "modeltype": "MRF", "inferencetype": "BP", "TRAIN_MEMORY_PRE": [1048854528, 1048825856], "TRAIN_MEMORY_ENC": [[1048854528, 1, 1053229056, 77, 1058066432, 4, 1135792128, 1, 1145053184, 1, 1144561664, 5], [1048825856, 1, 1053130752, 79, 1058033664, 3, 1125552128, 1, 1137979392, 1, 1158262784, 1, 1144528896, 5]], "APPLY_MEMORY_PRE": [1048416256, 1048969216], "APPLY_MEMORY_ENC": [[1048416256, 1, 1052405760, 79, 1057243136, 4, 1135779840, 1, 1155522560, 1, 1143672832, 2], [1048969216, 1, 1053069312, 77, 1058033664, 4, 1138040832, 1, 1156702208, 1, 1144598528, 2]], "APPLY_MEMORY_Accuracy": [0.675, 0.5], "TRAIN_ENERGY_DURATION": [0.841852, 0.840342], "TRAIN_ENERGY_package-0": [33.54876035217592, 33.70266629538926], "TRAIN_ENERGY_dram": [5.937698075196114, 5.902885967855944], "APPLY_ENERGY_DURATION": [0.821755, 0.817276], "APPLY_ENERGY_package-0": [33.3031073738523, 33.988076243521164], "APPLY_ENERGY_dram": [5.916608964959142, 5.911218486778028], "APPLY_ENERGY_Accuracy": [0.625, 0.475], "TRAIN_RUNTIME_WCT": [0.8453197479248047, 0.8405358791351318], "APPLY_RUNTIME_WCT": [0.815894365310669, 0.8164348602294922], "APPLY_RUNTIME_Accuracy": [0.6, 0.525], "TRAIN_GPU_temperature": [[32, 32, 32], [32, 32, 32]], "TRAIN_GPU_util.gpu": [[0, 0, 6], [0, 0, 6]], "TRAIN_GPU_util.memory": [[0, 0, 0], [0, 0, 0]], "TRAIN_GPU_power.draw": [[19.722, 19.722, 30.094], [19.459, 19.459, 29.622]], "TRAIN_GPU_memory.used": [[131072, 131072, 127926272], [131072, 131072, 127926272]], "TRAIN_GPU_timestamp": [[1618934301695.7158, 1618934301699.7002, 1618934301798.353], [1618934339842.297, 1618934339846.2551, 1618934339944.905]], "APPLY_GPU_temperature": [[32, 32, 32], [32, 32, 32]], "APPLY_GPU_util.gpu": [[0, 0, 6], [0, 0, 6]], "APPLY_GPU_util.memory": [[0, 0, 0], [0, 0, 0]], "APPLY_GPU_power.draw": [[19.513, 19.513, 29.725], [19.376, 19.376, 26.833]], "APPLY_GPU_memory.used": [[131072, 131072, 127926272], [131072, 131072, 127926272]], "APPLY_GPU_timestamp": [[1618934306491.0369, 1618934306494.677, 1618934306593.617], [1618934344627.564, 1618934344631.372, 1618934344730.1482]], "APPLY_GPU_Accuracy": [0.5, 0.425]}