{"DURATION": 1120.004721, "package-0": 41.83846421483075, "dram": 6.428905104588393}