{"DURATION": 0.024665, "package-0": 19.41289276302453, "dram": 5.410379079667545}