{"DURATION": 2827.476377, "package-0": 41.737916493298435, "dram": 6.453542463318695}