{"DURATION": 0.003604, "package-0": 14.039400665926747, "dram": 3.9564372918978914}