{"DURATION": 0.894501, "package-0": 34.214633633724276, "dram": 5.9206742083016115}