{"DURATION": 1.729464, "package-0": 37.82621841217858, "dram": 6.037287275132643, "Accuracy": 0.5469387755102041}