{"DURATION": 0.185553, "package-0": 25.281666154683567, "dram": 5.925137292310014}