{"DURATION": 0.234021, "package-0": 25.037231701428507, "dram": 5.696907542485503}