{"DURATION": 0.017839, "package-0": 16.994282190705757, "dram": 4.7780705196479625}