{"DURATION": 0.257488, "package-0": 31.512831665941718, "dram": 6.139416205803766}