{"DURATION": 0.366103, "package-0": 31.61673900514336, "dram": 5.989978230170198}