{"DURATION": 0.363417, "package-0": 31.563391365841444, "dram": 5.91177903070027}