{"DURATION": 0.404377, "package-0": 37.35089532787473, "dram": 6.416413396409786}