{"DURATION": 3.567566, "package-0": 41.711086213962126, "dram": 6.432065167119544}