{"WCT": 6.859916925430298, "Accuracy": 0.5462809917355372}