{"WCT": 0.024790048599243164, "Accuracy": 0.6083333333333333}