{"DURATION": 6.4234, "package-0": 43.35178254506959, "dram": 6.545715041878133}