{"DURATION": 1.067391, "package-0": 34.39386129356534, "dram": 5.8442079800185684, "Accuracy": 0.4875}