{"DURATION": 492.306723, "package-0": 41.886145436612296, "dram": 6.449460746039822}