{"DURATION": 0.400753, "package-0": 37.707999690582476, "dram": 6.430801516145856}