{"DURATION": 1.11906, "package-0": 36.58254874626919, "dram": 6.064777581184209}