{"DURATION": 0.980418, "package-0": 35.42311952656928, "dram": 6.063769739029679}