{"DURATION": 63.279928, "package-0": 41.656955741163294, "dram": 6.454575643638533}