{"DURATION": 33.752775, "package-0": 40.72275725477387, "dram": 6.492535947044354}