{"DURATION": 0.238962, "package-0": 32.11079167399001, "dram": 6.262665193629113}