{"DURATION": 0.633991, "package-0": 37.02903511248583, "dram": 6.252648696905792}