{"DURATION": 0.346117, "package-0": 32.811973985675365, "dram": 6.078851948907451}