{"DURATION": 0.299107, "package-0": 33.52745004296121, "dram": 6.210653712551027}