{"WCT": 25.08250904083252, "Accuracy": 0.5550295857988166}