{"DURATION": 0.111808, "package-0": 32.725082283915285, "dram": 6.436355180309102}