{"DURATION": 0.019431, "package-0": 34.307292470794096, "dram": 5.118882198548711, "Accuracy": 0.545}