{"DURATION": 0.316962, "package-0": 29.537357790523785, "dram": 5.855872312769354}