{"DURATION": 0.008224, "package-0": 20.127310311284045, "dram": 5.138497081712062}