{"DURATION": 0.012387, "package-0": 27.696536691692906, "dram": 6.263582788407201}