{"DURATION": 0.004495, "package-0": 14.895661846496107, "dram": 5.25539488320356}