{"DURATION": 0.219943, "package-0": 27.239211977648754, "dram": 6.008056632854877}