{"DURATION": 0.864863, "package-0": 33.287340307077535, "dram": 5.845065634672775, "Accuracy": 0.575}