{"DURATION": 437.163406, "package-0": 40.99510411674302, "dram": 6.441344100059464}