{"DURATION": 0.133216, "package-0": 33.71778915445592, "dram": 6.447618904636079}