{"DURATION": 0.2082, "package-0": 27.929812680115276, "dram": 6.058194044188281}