{"WCT": 0.9758226871490479, "Accuracy": 0.5805555555555556}