{"DURATION": 0.161985, "package-0": 26.07792696854647, "dram": 5.998814705065284}