{"DURATION": 0.403595, "package-0": 37.39513869101451, "dram": 6.402727982259444}