{"DURATION": 6.310439, "package-0": 40.332613784872976, "dram": 6.462348023647801}