{"DURATION": 0.47913, "package-0": 37.25831611462442, "dram": 6.330215181683467}