{"x_train_bytes": 7500000, "x_test_bytes": 2500000, "x_train_shape": [37500, 100], "x_test_shape": [12500, 100], "repeats": 5, "start": 1615058118.9336698, "predict_iters": 50, "train_iters": 50, "predict_samples": 50, "train_lbp_iters": 5, "modeltype": "MRF", "inferencetype": "JT", "graph_type": "grid", "states": 2, "vertices": 100, "config_id": "MRF_Junction_Tree_CPU", "TRAIN_MEMORY_PRE": [129708032, 130043904, 129318912, 130019328, 129859584], "TRAIN_MEMORY_ENC": [[129708032, 1, 131792896, 1, 132411392, 10, 133029888, 1, 135098368, 3499, 135368704, 247, 135372800, 2045], [130043904, 1, 132124672, 1, 132694016, 10, 133222400, 1, 135368704, 3499, 135639040, 247, 135643136, 2035, 133783552, 1], [129318912, 1, 132014080, 11, 132550656, 2, 134651904, 3498, 134922240, 247, 134926336, 2050, 133132288, 1], [130019328, 1, 132493312, 2, 132886528, 9, 133296128, 2, 135311360, 3498, 135577600, 247, 135581696, 2043, 133881856, 1], [129859584, 1, 131944448, 1, 132571136, 10, 133140480, 1, 135282688, 3499, 135548928, 247, 135553024, 2035, 133742592, 1]], "APPLY_MEMORY_PRE": [130162688, 129916928, 129953792, 129609728, 129814528], "APPLY_MEMORY_ENC": [[130162688, 1, 135282688, 2528, 133414912, 1], [129916928, 1, 135081984, 2529, 133246976, 1], [129953792, 1, 135249920, 2532], [129609728, 1, 134594560, 2506, 132923392, 1], [129814528, 1, 134803456, 2521, 132968448, 1]], "TRAIN_ENERGY_DURATION": [23.049308, 23.075416, 23.063137, 23.064595, 23.097602], "TRAIN_ENERGY_package-0": [40.86297037637746, 40.728988547812094, 40.70672632261604, 40.68796590618651, 40.69032945497979], "TRAIN_ENERGY_dram": [6.4053013218444566, 6.419536835218919, 6.42012324689395, 6.426666715804028, 6.414246379342756], "APPLY_ENERGY_DURATION": [10.06417, 10.04915, 10.055523, 10.092977, 10.05076], "APPLY_ENERGY_package-0": [40.59515797129818, 40.5889264266132, 40.56478613792639, 40.570558220830186, 40.6556914104008], "APPLY_ENERGY_dram": [6.404734220507005, 6.422604797420678, 6.416658188738666, 6.398778378272338, 6.41394322419399], "TRAIN_RUNTIME_WCT": [23.06361722946167, 23.150246381759644, 23.080634355545044, 23.05783247947693, 23.062085151672363], "APPLY_RUNTIME_WCT": [10.073044538497925, 10.064541339874268, 10.066045999526978, 10.078227281570435, 10.05463719367981], "name": "grid_nodes10_states2_nsamples50000"}