{"DURATION": 12.897499, "package-0": 43.15838543581201, "dram": 6.62434236281003}