{"DURATION": 0.032562, "package-0": 34.27010011670045, "dram": 6.54953626927093}