{"DURATION": 1.128942, "package-0": 36.261301289171634, "dram": 6.089021402339536, "Accuracy": 0.5804444444444444}