{"DURATION": 0.563962, "package-0": 35.56935396356493, "dram": 6.1746979406413915}