{"DURATION": 6.237187, "package-0": 42.08176891281278, "dram": 6.364410590864119}