{"x_train_bytes": 16875000, "x_test_bytes": 5625000, "x_train_shape": [37500, 225], "x_test_shape": [12500, 225], "repeats": 5, "start": 1614956211.1805196, "predict_iters": 50, "train_iters": 50, "predict_samples": 50, "train_lbp_iters": 5, "modeltype": "MRF", "inferencetype": "BP", "graph_type": "grid", "states": 2, "vertices": 225, "config_id": "MRF_Belief_Propagation_CPU", "TRAIN_MEMORY_PRE": [155062272, 154374144, 154963968, 154951680, 155037696], "TRAIN_MEMORY_ENC": [[155062272, 1, 157138944, 1, 157573120, 4, 157769728, 1, 157900800, 45], [154374144, 1, 156450816, 1, 156995584, 4, 157257728, 25, 157646848, 20], [154963968, 1, 157044736, 1, 157474816, 4, 157736960, 1, 157863936, 45], [154951680, 1, 157028352, 1, 157462528, 3, 157732864, 2, 157855744, 44], [155037696, 1, 157114368, 1, 157605888, 4, 157802496, 26, 158060544, 20]], "APPLY_MEMORY_PRE": [154710016, 154705920, 154660864, 154386432, 154390528], "APPLY_MEMORY_ENC": [[154710016, 1, 157487104, 2], [154705920, 1, 157380608, 3], [154660864, 1, 157466624, 3], [154386432, 1, 157327360, 3], [154390528, 1, 157237248, 3]], "TRAIN_ENERGY_DURATION": [0.234159, 0.233688, 0.233364, 0.232356, 0.233759], "TRAIN_ENERGY_package-0": [39.05438185164781, 38.396823970422105, 38.54821223496341, 38.989417101344486, 38.400044490265614], "TRAIN_ENERGY_dram": [6.427384811175313, 6.432093218308172, 6.429350713906172, 6.457177778925442, 6.435700871410298], "APPLY_ENERGY_DURATION": [0.037826, 0.037794, 0.037148, 0.037337, 0.037857], "APPLY_ENERGY_package-0": [32.88782847776662, 33.32587183150764, 33.24819640357489, 33.04229048932694, 32.6787119951396], "APPLY_ENERGY_dram": [6.507349442182626, 6.511642059586177, 6.461343813933455, 6.405308407210006, 6.360540983173522], "TRAIN_RUNTIME_WCT": [0.2325911521911621, 0.23375582695007324, 0.23319363594055176, 0.2329847812652588, 0.23262786865234375], "APPLY_RUNTIME_WCT": [0.037844181060791016, 0.03741788864135742, 0.03668785095214844, 0.03717494010925293, 0.036879539489746094], "name": "grid_nodes15_states2_nsamples50000"}