{"DURATION": 0.317776, "package-0": 40.57367139116862, "dram": 6.255034993202759}