{"DURATION": 0.019005, "package-0": 17.650565640620886, "dram": 4.5163378058405685}