{"DURATION": 0.180049, "package-0": 26.319940682814124, "dram": 6.0947964165310555}