{"DURATION": 0.004601, "package-0": 18.585090197783092, "dram": 6.840252119104543}