{"DURATION": 0.729541, "package-0": 37.8970489664049, "dram": 6.250312182591521}