{"DURATION": 2.500562, "package-0": 40.06035003331251, "dram": 6.205398626388789}