{"WCT": 0.9466793537139893, "Accuracy": 0.5555555555555556}