{"DURATION": 0.962602, "package-0": 39.35322698269898, "dram": 6.290375461509534}