{"DURATION": 0.354436, "package-0": 31.627348802040427, "dram": 6.0211293435204105}