{"DURATION": 0.314257, "package-0": 36.6003748524297, "dram": 6.379896072322971}