{"DURATION": 0.214243, "package-0": 30.545273357822662, "dram": 6.23817814350994}