{"DURATION": 3.02538, "package-0": 40.4342704057011, "dram": 6.372698966741368}