{"DURATION": 494.8376, "package-0": 42.063507504280196, "dram": 6.44223803930825}