{"DURATION": 0.636864, "package-0": 36.80333948849362, "dram": 6.285703070043212}