{"DURATION": 167.864188, "package-0": 41.9009765203761, "dram": 6.468948308378914}