{"DURATION": 0.024109, "package-0": 30.409888423410347, "dram": 4.889709237214319}