{"DURATION": 2.760969, "package-0": 40.26268386207886, "dram": 6.188368286641393, "Accuracy": 0.5580246913580247}