{"DURATION": 0.167416, "package-0": 23.955225307019635, "dram": 5.943583647918956}