{"DURATION": 12.441574, "package-0": 41.57724207564092, "dram": 6.397415632459365, "Accuracy": 0.5215277777777778}