{"DURATION": 0.008196, "package-0": 22.519399707174234, "dram": 6.21254270375793}