{"DURATION": 1120.346024, "package-0": 40.698048120176125, "dram": 6.44807756643585}