{"DURATION": 0.033253, "package-0": 32.542928457582775, "dram": 6.431870808648845}