{"repeats": 2, "start": 1618849400.5880525, "name": "grid_nodes14_states2_nsamples50000", "cl_name": "Grid14", "graph_type": "grid", "states": 2, "vertices": 196, "seed": 876, "predict_samples": 50, "config_id": "MRF_Belief_Propagation_cpu", "uses_gpu": false, "predict_iters": 50, "train_iters": 50, "train_lbp_iters": 5, "modeltype": "MRF", "inferencetype": "BP", "TRAIN_MEMORY_PRE": [1083191296, 1083125760], "TRAIN_MEMORY_ENC": [[1083191296, 1, 1084534784, 19], [1083125760, 1, 1084469248, 20]], "APPLY_MEMORY_PRE": [1082896384, 1083097088], "APPLY_MEMORY_ENC": [[1082896384, 1, 1084239872, 1], [1083097088, 1, 1084440576, 1]], "APPLY_MEMORY_Accuracy": [0.5698979591836735, 0.5663265306122449], "TRAIN_ENERGY_DURATION": [0.190323, 0.187596], "TRAIN_ENERGY_package-0": [44.00595303773059, 44.40943836755581], "TRAIN_ENERGY_dram": [6.4149314586256, 6.431842896437024], "APPLY_ENERGY_DURATION": [0.029631, 0.029423], "APPLY_ENERGY_package-0": [44.89409739799534, 46.51833599564966], "APPLY_ENERGY_dram": [6.320677668657825, 6.613363695068484], "APPLY_ENERGY_Accuracy": [0.5678571428571428, 0.5683673469387756], "TRAIN_RUNTIME_WCT": [0.18845152854919434, 0.18759393692016602], "APPLY_RUNTIME_WCT": [0.028925657272338867, 0.02969193458557129], "APPLY_RUNTIME_Accuracy": [0.5846938775510204, 0.5612244897959183]}