{"WCT": 3.5680058002471924, "Accuracy": 0.5691358024691358}