{"DURATION": 23.032199, "package-0": 41.88068542651963, "dram": 6.4217441851731145}