{"DURATION": 0.956252, "package-0": 39.232992976746715, "dram": 6.4018428196751485}