{"DURATION": 0.37202, "package-0": 31.621321434331488, "dram": 6.004843825600775}