{"WCT": 12.419113159179688, "Accuracy": 0.5590277777777778}