{"DURATION": 0.108033, "package-0": 28.290115057436154, "dram": 6.122805068821563}