{"DURATION": 0.298274, "package-0": 33.67551311881022, "dram": 6.282217021932854}