{"DURATION": 10.055523, "package-0": 40.56478613792639, "dram": 6.416658188738666}