{"DURATION": 0.233364, "package-0": 38.54821223496341, "dram": 6.429350713906172}