{"DURATION": 0.180132, "package-0": 28.586481025026092, "dram": 6.040259365354296}