{"WCT": 1244.9432272911072, "Accuracy": 0.5733333333333334}