{"DURATION": 0.462925, "package-0": 35.284473726845604, "dram": 6.193240805746071}