{"DURATION": 0.950451, "package-0": 38.81383995597879, "dram": 6.3053739750918245}