{"WCT": 192.40830779075623, "Accuracy": 0.5550295857988166}