{"DURATION": 0.003289, "package-0": 15.755244755244755, "dram": 5.842809364548495}