{"DURATION": 8.231375, "package-0": 41.84172765789433, "dram": 6.428623528875795}