{"DURATION": 0.165596, "package-0": 26.43918935239982, "dram": 6.095014372327834}