{"WCT": 0.005485057830810547, "Accuracy": 0.5583333333333333}