{"DURATION": 0.98851, "package-0": 37.90281534835257, "dram": 6.19580985523667}