{"DURATION": 0.182365, "package-0": 22.790776738957586, "dram": 5.635741507416445}