{"DURATION": 0.89504, "package-0": 33.65258089023954, "dram": 5.8585269932070085}