{"x_train_bytes": 300000, "x_test_bytes": 100000, "x_train_shape": [37500, 4], "x_test_shape": [12500, 4], "repeats": 5, "start": 1614956052.447497, "predict_iters": 50, "train_iters": 50, "predict_samples": 50, "train_lbp_iters": 5, "modeltype": "MRF", "inferencetype": "BP", "graph_type": "grid", "states": 2, "vertices": 4, "config_id": "MRF_Belief_Propagation_CPU", "TRAIN_MEMORY_PRE": [110317568, 110288896, 109797376, 110268416, 110473216], "TRAIN_MEMORY_ENC": [[110317568, 1, 113586176, 1], [110288896, 1, 113549312, 1], [109797376, 1, 112689152, 1], [110268416, 1, 113164288, 1], [110473216, 1, 113364992, 1]], "APPLY_MEMORY_PRE": [110071808, 109977600, 109907968, 110698496, 109920256], "APPLY_MEMORY_ENC": [[110071808, 1], [109977600, 1], [109907968, 1], [110698496, 1], [109920256, 1]], "TRAIN_ENERGY_DURATION": [0.009483, 0.012103, 0.008224, 0.010446, 0.009815], "TRAIN_ENERGY_package-0": [17.57745439207002, 17.075435842353137, 20.127310311284045, 19.0420256557534, 18.817320427916453], "TRAIN_ENERGY_dram": [4.269007697985869, 4.062959596794184, 5.138497081712062, 4.341374688876125, 4.168313805399897], "APPLY_ENERGY_DURATION": [0.004731, 0.00361, 0.004517, 0.005205, 0.004709], "APPLY_ENERGY_package-0": [17.751849503276265, 20.305540166204985, 15.363515607704228, 18.386743515850142, 14.205776173285198], "APPLY_ENERGY_dram": [4.8767702388501375, 3.8905817174515236, 4.115563427053353, 4.4445725264169065, 3.944361860267573], "TRAIN_RUNTIME_WCT": [0.011926651000976562, 0.011185407638549805, 0.011300325393676758, 0.008889198303222656, 0.010921716690063477], "APPLY_RUNTIME_WCT": [0.005079984664916992, 0.004061698913574219, 0.003069162368774414, 0.003151416778564453, 0.003438711166381836], "name": "grid_nodes2_states2_nsamples50000"}