{"DURATION": 1.05472, "package-0": 35.294192771541255, "dram": 5.900796419902912, "Accuracy": 0.5}